"gene_id","module"
"Os08g0509100","Module_2"
"Os08g0111200","Module_2"
"Os08g0547350","Module_2"
"Os07g0232800","Module_2"
"Os08g0547300","Module_2"
"Os09g0528700","Module_2"
"Os09g0528500","Module_2"
"Os10g0328600","Module_2"
"Os05g0475700","Module_2"
"Os01g0825800","Module_2"
"Os11g0171350","Module_2"
"Os10g0328700","Module_2"
"Os11g0118300","Module_2"
"Os10g0138100","Module_2"
"Os01g0357150","Module_2"
"Os01g0357100","Module_2"
"Os08g0562600","Module_2"
"Os06g0699100","Module_2"
"Os02g0140400","Module_2"
"Os02g0704000","Module_2"
"Os06g0699050","Module_2"
"Os02g0132500","Module_2"
"Os03g0618300","Module_2"
"Os11g0118350","Module_2"
"Os11g0599200","Module_2"
"Os05g0355450","Module_2"
"Os05g0161500","Module_2"
"Os02g0621800","Module_2"
"Os03g0364400","Module_2"
"Os02g0779200","Module_2"
"Os02g0704131","Module_2"
"Os04g0546800","Module_2"
"Os07g0492000","Module_2"
"Os06g0716100","Module_2"
"Os11g0158832","Module_2"
"Os07g0559700","Module_2"
"Os05g0355400","Module_2"
"Os12g0514000","Module_2"
"Os04g0683700","Module_2"
"Os07g0421866","Module_2"
"Os01g0693400","Module_2"
"Os12g0583300","Module_2"
"Os03g0575200","Module_2"
"Os02g0744851","Module_2"
"Os12g0117400","Module_2"
"Os06g0131300","Module_2"
"Os05g0343400","Module_2"
"Os06g0131350","Module_2"
"Os03g0242300","Module_2"
"Os02g0705100","Module_2"
"Os03g0229500","Module_2"
"Os02g0257400","Module_2"
"Os04g0605300","Module_2"
"Os06g0246000","Module_2"
"Os03g0371300","Module_2"
"Os07g0108350","Module_2"
"Os04g0304250","Module_2"
"Os01g0945400","Module_2"
"Os01g0673700","Module_2"
"Os12g0189300","Module_2"
"Os03g0228200","Module_2"
"Os09g0294000","Module_2"
"Os01g0945300","Module_2"
"Os10g0331600","Module_2"
"Os02g0574100","Module_2"
"Os08g0207401","Module_2"
"Os03g0197125","Module_2"
"Os03g0618366","Module_2"
"Os12g0117500","Module_2"
"Os10g0138150","Module_2"
"Os02g0131050","Module_2"
"Os05g0455500","Module_2"
"Os05g0376400","Module_2"
"Os12g0194900","Module_2"
"Os03g0225100","Module_2"
"Os09g0553900","Module_2"
"Os12g0484600","Module_2"
"Os02g0574300","Module_2"
"Os04g0453400","Module_2"
"Os01g0209800","Module_2"
"Os07g0619400","Module_2"
"Os04g0684000","Module_2"
"Os02g0755900","Module_2"
"Os03g0242350","Module_2"
"Os05g0317900","Module_2"
"Os01g0849000","Module_2"
"Os12g0101800","Module_2"
"Os05g0439000","Module_2"
"Os01g0209901","Module_2"
"Os04g0453450","Module_2"
"Os01g0126200","Module_2"
"Os03g0219400","Module_2"
"Os01g0678100","Module_2"
"Os03g0634400","Module_2"
"Os03g0362200","Module_2"
"Os08g0207500","Module_2"
"Os12g0190000","Module_2"
"Os11g0102301","Module_2"
"Os09g0553100","Module_2"
"Os02g0755500","Module_2"
"Os07g0479350","Module_2"
"Os04g0401700","Module_2"
"Os05g0497300","Module_2"
"Os07g0217600","Module_2"
"Os10g0505700","Module_2"
"Os03g0764100","Module_2"
"Os03g0279950","Module_2"
"Os10g0561800","Module_2"
"Os02g0799700","Module_2"
"Os10g0539700","Module_2"
"Os02g0651900","Module_2"
"Os01g0323775","Module_2"
"Os11g0629600","Module_2"
"Os03g0371350","Module_2"
"Os04g0118700","Module_2"
"Os05g0424000","Module_2"
"Os04g0635450","Module_2"
"Os01g0825500","Module_2"
"Os12g0105401","Module_2"
"Os09g0494500","Module_2"
"Os08g0152366","Module_2"
"Os01g0323600","Module_2"
"Os12g0104766","Module_2"
"Os02g0630300","Module_2"
"Os01g0910500","Module_2"
"Os06g0555101","Module_2"
"Os11g0537375","Module_2"
"Os10g0557900","Module_2"
"Os02g0664100","Module_2"
"Os08g0190300","Module_2"
"Os03g0845000","Module_2"
"Os01g0525700","Module_2"
"Os04g0565400","Module_2"
"Os02g0787600","Module_2"
"Os02g0134300","Module_2"
"Os01g0667200","Module_2"
"Os09g0491652","Module_2"
"Os03g0628800","Module_2"
"Os03g0183000","Module_2"
"Os02g0278450","Module_2"
"Os05g0395025","Module_2"
"Os01g0369900","Module_2"
"Os04g0530600","Module_2"
"Os02g0278400","Module_2"
"Os03g0327100","Module_2"
"Os02g0671200","Module_2"
"Os03g0206750","Module_2"
"Os03g0639350","Module_2"
"Os03g0625300","Module_2"
"Os01g0652650","Module_2"
"Os03g0838100","Module_2"
"Os01g0749400","Module_2"
"Os01g0635550","Module_2"
"Os09g0530500","Module_2"
"Os01g0711200","Module_2"
"Os01g0661500","Module_2"
"Os01g0247550","Module_2"
"Os08g0364900","Module_2"
"Os05g0410900","Module_2"
"Os12g0202850","Module_2"
"Os07g0617000","Module_2"
"Os09g0450300","Module_2"
"Os10g0331500","Module_2"
"Os04g0423200","Module_2"
"Os09g0484800","Module_2"
"Os04g0197100","Module_2"
"Os01g0854000","Module_2"
"Os10g0512400","Module_2"
"Os10g0540300","Module_2"
"Os12g0101901","Module_2"
"Os07g0162600","Module_2"
"Os12g0580400","Module_2"
"Os07g0468100","Module_2"
"Os03g0327800","Module_2"
"Os03g0366350","Module_2"
"Os06g0105350","Module_2"
"Os07g0480900","Module_2"
"Os07g0575550","Module_2"
"Os02g0772100","Module_2"
"Os08g0554501","Module_2"
"Os09g0522200","Module_2"
"Os02g0269200","Module_2"
"Os10g0519300","Module_2"
"Os03g0127950","Module_2"
"Os06g0228500","Module_2"
"Os05g0578100","Module_2"
"Os09g0277800","Module_2"
"Os01g0925100","Module_2"
"Os05g0268500","Module_2"
"Os02g0275200","Module_2"
"Os07g0666900","Module_2"
"Os06g0717200","Module_2"
"Os03g0625201","Module_2"
"Os07g0106200","Module_2"
"Os04g0614650","Module_2"
"Os04g0266900","Module_2"
"Os01g0286550","Module_2"
"Os06g0216300","Module_2"
"Os01g0242600","Module_2"
"Os04g0401751","Module_2"
"Os07g0605400","Module_2"
"Os09g0522000","Module_2"
"Os05g0424100","Module_2"
"Os01g0934100","Module_2"
"Os05g0439400","Module_2"
"Os05g0100500","Module_2"
"Os06g0183600","Module_2"
"Os02g0681200","Module_2"
"Os11g0488900","Module_2"
"Os03g0254200","Module_2"
"Os07g0178800","Module_2"
"Os06g0651000","Module_2"
"Os01g0965300","Module_2"
"Os10g0522700","Module_2"
"Os01g0186950","Module_2"
"Os03g0645966","Module_2"
"Os01g0232000","Module_2"
"Os12g0617250","Module_2"
"Os12g0169950","Module_2"
"Os08g0249000","Module_2"
"Os01g0124650","Module_2"
"Os07g0188750","Module_2"
"Os04g0430200","Module_2"
"Os06g0192800","Module_2"
"Os06g0612951","Module_2"
"Os08g0190250","Module_2"
"Os02g0628600","Module_2"
"Os08g0468700","Module_2"
"Os12g0104733","Module_2"
"Os01g0734800","Module_2"
"Os04g0610400","Module_2"
"Os05g0392050","Module_2"
"Os10g0439986","Module_2"
"Os05g0463500","Module_2"
"Os03g0689300","Module_2"
"Os02g0106966","Module_2"
"Os06g0288100","Module_2"
"Os02g0193200","Module_2"
"Os06g0554200","Module_2"
"Os03g0195500","Module_2"
"Os09g0451133","Module_2"
"Os01g0559900","Module_2"
"Os02g0630475","Module_2"
"Os09g0469950","Module_2"
"Os12g0622850","Module_2"
"Os11g0214900","Module_2"
"Os07g0111900","Module_2"
"Os11g0177400","Module_2"
"Os02g0830801","Module_2"
"Os05g0255800","Module_2"
"Os01g0733200","Module_2"
"Os08g0179100","Module_2"
"Os12g0489100","Module_2"
"Os08g0556450","Module_2"
"Os07g0540600","Module_2"
"Os02g0638650","Module_2"
"Os07g0225300","Module_2"
"Os11g0617700","Module_2"
"Os12g0113600","Module_2"
"Os05g0304501","Module_2"
"Os01g0590700","Module_2"
"Os03g0639200","Module_2"
"Os01g0151500","Module_2"
"Os03g0749401","Module_2"
"Os05g0462400","Module_2"
"Os02g0134200","Module_2"
"Os07g0231800","Module_2"
"Os03g0183050","Module_2"
"Os07g0526700","Module_2"
"Os12g0210200","Module_2"
"Os09g0425200","Module_2"
"Os02g0753300","Module_2"
"Os06g0105300","Module_2"
"Os08g0256000","Module_2"
"Os03g0688300","Module_2"
"Os11g0492300","Module_2"
"Os10g0551200","Module_2"
"Os02g0772150","Module_2"
"Os10g0522200","Module_2"
"Os10g0100700","Module_2"
"Os12g0617400","Module_2"
"Os04g0688500","Module_2"
"Os05g0476700","Module_2"
"Os08g0482700","Module_2"
"Os08g0112700","Module_2"
"Os06g0178500","Module_2"
"Os08g0556400","Module_2"
"Os06g0590800","Module_2"
"Os03g0688450","Module_2"
"Os01g0231950","Module_2"
"Os01g0595600","Module_2"
"Os08g0224500","Module_2"
"Os02g0742051","Module_2"
"Os06g0698300","Module_2"
"Os11g0104833","Module_2"
"Os06g0120200","Module_2"
"Os03g0570800","Module_2"
"Os01g0948900","Module_2"
"Os10g0551401","Module_2"
"Os04g0564300","Module_2"
"Os01g0878550","Module_2"
"Os09g0541700","Module_2"
"Os12g0170400","Module_2"
"Os04g0464200","Module_2"
"Os04g0432250","Module_2"
"Os02g0301450","Module_2"
"Os02g0224800","Module_2"
"Os01g0587300","Module_2"
"Os02g0828400","Module_2"
"Os03g0211900","Module_2"
"Os03g0802400","Module_2"
"Os04g0402500","Module_2"
"Os06g0268050","Module_2"
"Os01g0825900","Module_2"
"Os10g0440500","Module_2"
"Os02g0170150","Module_2"
"Os08g0438600","Module_2"
"Os09g0508500","Module_2"
"Os01g0969000","Module_2"
"Os12g0202851","Module_2"
"Os08g0540000","Module_2"
"Os04g0415000","Module_2"
"Os10g0542100","Module_2"
"Os12g0247700","Module_2"
"Os02g0577501","Module_2"
"Os01g0115700","Module_2"
"Os04g0476600","Module_2"
"Os05g0501200","Module_2"
"Os01g0552000","Module_2"
"Os05g0253200","Module_2"
"Os12g0105962","Module_2"
"Os01g0747451","Module_2"
"Os10g0426450","Module_2"
"Os04g0490866","Module_2"
"Os10g0579800","Module_2"
"Os02g0142950","Module_2"
"Os03g0650200","Module_2"
"Os09g0240200","Module_2"
"Os11g0552100","Module_2"
"Os02g0555600","Module_2"
"Os04g0412300","Module_2"
"Os08g0232700","Module_2"
"Os07g0516801","Module_2"
"Os04g0573900","Module_2"
"Os07g0600300","Module_2"
"Os08g0520900","Module_2"
"Os03g0725050","Module_2"
"Os11g0473200","Module_2"
"Os06g0671075","Module_2"
"Os02g0555650","Module_2"
"Os12g0170500","Module_2"
"Os03g0149300","Module_2"
"Os01g0923750","Module_2"
"Os07g0208500","Module_2"
"Os10g0492101","Module_2"
"Os12g0105975","Module_2"
"Os04g0437500","Module_2"
"Os03g0178150","Module_2"
"Os10g0529300","Module_2"
"Os01g0754300","Module_2"
"Os08g0146001","Module_2"
"Os03g0112101","Module_2"
"Os02g0193300","Module_2"
"Os03g0196600","Module_2"
"Os11g0637100","Module_2"
"Os01g0857500","Module_2"
"Os05g0569400","Module_2"
"Os03g0130550","Module_2"
"Os05g0137100","Module_2"
"Os03g0346750","Module_2"
"Os07g0293000","Module_2"
"Os04g0218600","Module_2"
"Os03g0645900","Module_2"
"Os04g0447100","Module_2"
"Os03g0595050","Module_2"
"Os04g0632000","Module_2"
"Os11g0177750","Module_2"
"Os01g0228400","Module_2"
"Os04g0437700","Module_2"
"Os08g0174300","Module_2"
"Os08g0192300","Module_2"
"Os06g0709000","Module_2"
"Os01g0859500","Module_2"
"Os05g0127266","Module_2"
"Os12g0562232","Module_2"
"Os06g0728902","Module_2"
"Os07g0208533","Module_2"
"Os12g0508400","Module_2"
"Os03g0341600","Module_2"
"Os05g0561000","Module_2"
"Os01g0871400","Module_2"
"Os03g0654400","Module_2"
"Os08g0404000","Module_2"
"Os07g0681350","Module_2"
"Os02g0686800","Module_2"
"Os02g0571100","Module_2"
"Os01g0200350","Module_2"
"Os08g0103900","Module_2"
"Os01g0964800","Module_2"
"Os12g0129700","Module_2"
"Os07g0162700","Module_2"
"Os03g0305550","Module_2"
"Os02g0184450","Module_2"
"Os10g0370100","Module_2"
"Os01g0115566","Module_2"
"Os02g0810600","Module_2"
"Os10g0341401","Module_2"
"Os03g0802500","Module_2"
"Os02g0710500","Module_2"
"Os07g0542600","Module_2"
"Os03g0268400","Module_2"
"Os02g0822900","Module_2"
"Os01g0804400","Module_2"
"Os01g0692000","Module_2"
"Os01g0695625","Module_2"
"Os04g0473900","Module_2"
"Os06g0574450","Module_2"
"Os07g0469600","Module_2"
"Os05g0486150","Module_2"
"Os01g0187350","Module_2"
"Os02g0136966","Module_2"
"Os11g0442380","Module_2"
"Os06g0166050","Module_2"
"Os11g0614500","Module_2"
"Os12g0147800","Module_2"
"Os04g0623500","Module_2"
"Os02g0100250","Module_2"
"Os06g0318500","Module_2"
"Os01g0587150","Module_2"
"Os10g0564450","Module_2"
"Os04g0420600","Module_2"
"Os08g0275200","Module_2"
"Os03g0152500","Module_2"
"Os07g0148800","Module_2"
"Os10g0130800","Module_2"
"Os02g0212300","Module_2"
"Os01g0243100","Module_2"
"Os06g0640599","Module_2"
"Os08g0247600","Module_2"
"Os06g0720400","Module_2"
"Os05g0122650","Module_2"
"Os01g0945666","Module_2"
"Os10g0400250","Module_2"
"Os06g0108500","Module_2"
"Os03g0851400","Module_2"
"Os03g0381500","Module_2"
"Os02g0302700","Module_2"
"Os07g0489200","Module_2"
"Os06g0611200","Module_2"
"Os06g0711700","Module_2"
"Os10g0463400","Module_2"
"Os05g0477666","Module_2"
"Os09g0549300","Module_2"
"Os01g0533800","Module_2"
"Os08g0248400","Module_2"
"Os07g0564750","Module_2"
"Os05g0122600","Module_2"
"Os03g0736700","Module_2"
"Os06g0699301","Module_2"
"Os03g0181750","Module_2"
"Os04g0443801","Module_2"
"Os01g0275950","Module_2"
"Os02g0517900","Module_2"
"Os01g0793600","Module_2"
"Os02g0541300","Module_2"
"Os07g0245200","Module_2"
"Os02g0747500","Module_2"
"Os05g0588225","Module_2"
"Os02g0552600","Module_2"
"Os05g0424800","Module_2"
"Os08g0470200","Module_2"
"Os12g0600100","Module_2"
"Os07g0586200","Module_2"
"Os10g0389900","Module_2"
"Os03g0192750","Module_2"
"Os03g0660050","Module_2"
"Os07g0534600","Module_2"
"Os12g0106100","Module_2"
"Os03g0244466","Module_2"
"Os07g0498400","Module_2"
"Os04g0390100","Module_2"
"Os02g0578000","Module_2"
"Os02g0700300","Module_2"
"Os01g0179600","Module_2"
"Os01g0234300","Module_2"
"Os09g0473350","Module_2"
"Os06g0308550","Module_2"
"Os10g0163130","Module_2"
"Os04g0182701","Module_2"
"Os07g0671301","Module_2"
"Os01g0627800","Module_2"
"Os11g0442500","Module_2"
"Os04g0585050","Module_2"
"Os01g0269500","Module_2"
"Os01g0350300","Module_2"
"Os04g0356800","Module_2"
"Os12g0567000","Module_2"
"Os06g0470350","Module_2"
"Os04g0376200","Module_2"
"Os11g0657000","Module_2"
"Os04g0650300","Module_2"
"Os04g0665600","Module_2"
"Os08g0116750","Module_2"
"Os04g0111250","Module_2"
"Os04g0686800","Module_2"
"Os03g0265666","Module_2"
"Os11g0109950","Module_2"
"Os07g0211101","Module_2"
"Os04g0178400","Module_2"
"Os06g0274550","Module_2"
"Os02g0683800","Module_2"
"Os06g0712250","Module_2"
"Os07g0480800","Module_2"
"Os03g0740900","Module_2"
"Os05g0137000","Module_2"
"Os04g0580350","Module_2"
"Os10g0390701","Module_2"
"Os06g0713800","Module_2"
"Os01g0793550","Module_2"
"Os07g0232900","Module_2"
"Os06g0187700","Module_2"
"Os08g0491000","Module_2"
"Os04g0399300","Module_2"
"Os08g0441900","Module_2"
"EPlORYSAT000373852","Module_2"
"Os12g0468500","Module_2"
"Os05g0491000","Module_2"
"Os04g0691900","Module_2"
"Os11g0631800","Module_2"
"Os04g0324100","Module_2"
"Os10g0130900","Module_2"
"Os01g0823500","Module_2"
"Os03g0347400","Module_2"
"Os11g0288350","Module_2"
"Os07g0145250","Module_2"
"Os02g0681632","Module_2"
"Os02g0751300","Module_2"
"Os01g0964333","Module_2"
"Os02g0570600","Module_2"
"Os07g0193701","Module_2"
"Os08g0102250","Module_2"
"Os05g0535900","Module_2"
"Os01g0976100","Module_2"
"Os09g0463166","Module_2"
"Os01g0125550","Module_2"
"Os01g0528000","Module_2"
"Os01g0813800","Module_2"
"Os02g0624100","Module_2"
"Os01g0176700","Module_2"
"Os04g0568850","Module_2"
"Os04g0469425","Module_2"
"Os03g0187200","Module_2"
"Os12g0226700","Module_2"
"Os04g0691433","Module_2"
"Os04g0119200","Module_2"
"Os03g0400700","Module_2"
"Os09g0426100","Module_2"
"Os06g0267400","Module_2"
"Os03g0261950","Module_2"
"Os04g0506100","Module_2"
"Os09g0488600","Module_2"
"Os09g0332100","Module_2"
"Os08g0290700","Module_2"
"Os11g0463700","Module_2"
"Os05g0408800","Module_2"
"Os12g0163600","Module_2"
"Os03g0678100","Module_2"
"Os03g0189600","Module_2"
"Os08g0525900","Module_2"
"Os10g0184250","Module_2"
"Os04g0451000","Module_2"
"Os03g0389000","Module_2"
"Os05g0461900","Module_2"
"Os10g0531300","Module_2"
"Os11g0703100","Module_2"
"Os05g0536250","Module_2"
"Os04g0460600","Module_2"
"Os07g0243200","Module_2"
"Os07g0536966","Module_2"
"Os03g0756500","Module_2"
"Os11g0630300","Module_2"
"Os01g0273800","Module_2"
"Os01g0555600","Module_2"
"Os07g0119000","Module_2"
"Os05g0551700","Module_2"
"Os02g0204400","Module_2"
"Os11g0514500","Module_2"
"Os02g0151300","Module_2"
"Os01g0234433","Module_2"
"Os08g0527100","Module_2"
"Os12g0491800","Module_2"
"Os01g0546700","Module_2"
"Os10g0536900","Module_2"
"Os10g0560500","Module_2"
"Os05g0515900","Module_2"
"Os05g0585400","Module_2"
"Os01g0109432","Module_2"
"Os05g0421900","Module_2"
"Os09g0520950","Module_2"
"Os02g0483800","Module_2"
"Os04g0688600","Module_2"
"Os07g0501800","Module_2"
"Os01g0155800","Module_2"
"Os10g0544600","Module_2"
"Os09g0328332","Module_2"
"Os02g0480950","Module_2"
"Os03g0135550","Module_2"
"Os02g0212975","Module_2"
"Os05g0171000","Module_2"
"Os02g0696900","Module_2"
"Os04g0161100","Module_2"
"Os10g0122000","Module_2"
"Os03g0262700","Module_2"
"Os02g0603000","Module_2"
