"gene_id","Water","Drought","MeanDecreaseAccuracy","MeanDecreaseGini"
"Os06g0554200",1.41705050316284,1.41705050316284,1.41705050316284,0.00866666666666667
"Os02g0766700",1.34406227991274,1.41705050316284,1.40275209380409,0.00933333333333333
"Os04g0197200",1.41705050316284,1.34406227991274,1.38942503594182,0.00866666666666667
"Os04g0401000",1.34406227991274,1.34406227991274,1.34406227991274,0.0106666666666667
"Os07g0666900",1.00100150250438,1.00100150250438,1.00100150250438,0.0146666666666667
"Os02g0475500",1.00100150250438,1.00100150250438,1.00100150250438,0.012
"Os04g0577375",1.00100150250438,1.00100150250438,1.00100150250438,0.012
"Os12g0639600",1.00100150250438,1.00100150250438,1.00100150250438,0.012
"Os03g0123800",1.00100150250438,1.00100150250438,1.00100150250438,0.0106666666666667
"Os06g0712250",1.00100150250438,1.00100150250438,1.00100150250438,0.0106666666666667
"Os07g0155600",1.00100150250438,1.00100150250438,1.00100150250438,0.0106666666666667
"Os07g0438500",1.00100150250438,1.00100150250438,1.00100150250438,0.0106666666666667
"Os08g0550500",1.00100150250438,1.00100150250438,1.00100150250438,0.0106666666666667
"Os03g0708000",1.00100150250438,1.00100150250438,1.00100150250438,0.00933333333333333
"Os04g0546900",1.00100150250438,1.00100150250438,1.00100150250438,0.00933333333333333
"Os12g0114900",1.00100150250438,1.00100150250438,1.00100150250438,0.00933333333333333
"Os02g0595900",1.00100150250438,1.00100150250438,1.00100150250438,0.00866666666666667
"Os04g0632000",1.00100150250438,1.00100150250438,1.00100150250438,0.00866666666666667
"Os01g0555100",1.00100150250438,1.00100150250438,1.00100150250438,0.006
"Os01g0652650",1.00100150250438,1.00100150250438,1.00100150250438,0.006
"Os01g0850700",1.00100150250438,1.00100150250438,1.00100150250438,0.006
"Os02g0532401",1.00100150250438,1.00100150250438,1.00100150250438,0.006
"Os02g0603033",1.00100150250438,1.00100150250438,1.00100150250438,0.006
"Os02g0613900",1.00100150250438,1.00100150250438,1.00100150250438,0.006
"Os02g0747500",1.00100150250438,1.00100150250438,1.00100150250438,0.006
"Os03g0112101",1.00100150250438,1.00100150250438,1.00100150250438,0.006
"Os03g0243900",1.00100150250438,1.00100150250438,1.00100150250438,0.006
"Os03g0335200",1.00100150250438,1.00100150250438,1.00100150250438,0.006
"Os03g0405400",1.00100150250438,1.00100150250438,1.00100150250438,0.006
"Os04g0574100",1.00100150250438,1.00100150250438,1.00100150250438,0.006
"Os04g0598900",1.00100150250438,1.00100150250438,1.00100150250438,0.006
"Os05g0304900",1.00100150250438,1.00100150250438,1.00100150250438,0.006
"Os05g0573400",1.00100150250438,1.00100150250438,1.00100150250438,0.006
"Os07g0194300",1.00100150250438,1.00100150250438,1.00100150250438,0.006
"Os07g0645200",1.00100150250438,1.00100150250438,1.00100150250438,0.006
"Os08g0192300",1.00100150250438,1.00100150250438,1.00100150250438,0.006
"Os08g0525900",1.00100150250438,1.00100150250438,1.00100150250438,0.006
"Os08g0559501",1.00100150250438,1.00100150250438,1.00100150250438,0.006
"Os09g0261400",1.00100150250438,1.00100150250438,1.00100150250438,0.006
"Os09g0494500",1.00100150250438,1.00100150250438,1.00100150250438,0.006
"Os09g0503000",1.00100150250438,1.00100150250438,1.00100150250438,0.006
"Os10g0163130",1.00100150250438,1.00100150250438,1.00100150250438,0.006
"Os10g0551401",1.00100150250438,1.00100150250438,1.00100150250438,0.006
"Os11g0163800",1.00100150250438,1.00100150250438,1.00100150250438,0.006
"Os11g0474800",1.00100150250438,1.00100150250438,1.00100150250438,0.006
"Os11g0565920",1.00100150250438,1.00100150250438,1.00100150250438,0.006
"Os11g0634800",1.00100150250438,1.00100150250438,1.00100150250438,0.006
"Os12g0115150",1.00100150250438,1.00100150250438,1.00100150250438,0.006
"Os01g0301900",1.00100150250438,1.00100150250438,1.00100150250438,0.00533333333333333
"Os01g0305300",1.00100150250438,1.00100150250438,1.00100150250438,0.00533333333333333
"Os01g0382000",1.00100150250438,1.00100150250438,1.00100150250438,0.00533333333333333
"Os01g0634900",1.00100150250438,1.00100150250438,1.00100150250438,0.00533333333333333
"Os01g0700900",1.00100150250438,1.00100150250438,1.00100150250438,0.00533333333333333
"Os01g0803300",1.00100150250438,1.00100150250438,1.00100150250438,0.00533333333333333
"Os01g0849050",1.00100150250438,1.00100150250438,1.00100150250438,0.00533333333333333
"Os01g0867300",1.00100150250438,1.00100150250438,1.00100150250438,0.00533333333333333
"Os01g0872600",1.00100150250438,1.00100150250438,1.00100150250438,0.00533333333333333
"Os01g0976100",1.00100150250438,1.00100150250438,1.00100150250438,0.00533333333333333
"Os02g0106201",1.00100150250438,1.00100150250438,1.00100150250438,0.00533333333333333
"Os02g0106966",1.00100150250438,1.00100150250438,1.00100150250438,0.00533333333333333
"Os02g0142950",1.00100150250438,1.00100150250438,1.00100150250438,0.00533333333333333
"Os02g0278400",1.00100150250438,1.00100150250438,1.00100150250438,0.00533333333333333
"Os02g0574300",1.00100150250438,1.00100150250438,1.00100150250438,0.00533333333333333
"Os02g0654600",1.00100150250438,1.00100150250438,1.00100150250438,0.00533333333333333
"Os02g0675700",1.00100150250438,1.00100150250438,1.00100150250438,0.00533333333333333
"Os02g0738200",1.00100150250438,1.00100150250438,1.00100150250438,0.00533333333333333
"Os02g0782550",1.00100150250438,1.00100150250438,1.00100150250438,0.00533333333333333
"Os02g0830801",1.00100150250438,1.00100150250438,1.00100150250438,0.00533333333333333
"Os03g0134500",1.00100150250438,1.00100150250438,1.00100150250438,0.00533333333333333
"Os03g0211900",1.00100150250438,1.00100150250438,1.00100150250438,0.00533333333333333
"Os03g0228800",1.00100150250438,1.00100150250438,1.00100150250438,0.00533333333333333
"Os03g0372600",1.00100150250438,1.00100150250438,1.00100150250438,0.00533333333333333
"Os03g0388432",1.00100150250438,1.00100150250438,1.00100150250438,0.00533333333333333
"Os03g0575200",1.00100150250438,1.00100150250438,1.00100150250438,0.00533333333333333
"Os03g0730600",1.00100150250438,1.00100150250438,1.00100150250438,0.00533333333333333
"Os03g0741050",1.00100150250438,1.00100150250438,1.00100150250438,0.00533333333333333
"Os03g0834050",1.00100150250438,1.00100150250438,1.00100150250438,0.00533333333333333
"Os04g0116200",1.00100150250438,1.00100150250438,1.00100150250438,0.00533333333333333
"Os04g0376200",1.00100150250438,1.00100150250438,1.00100150250438,0.00533333333333333
"Os04g0501500",1.00100150250438,1.00100150250438,1.00100150250438,0.00533333333333333
"Os04g0523812",1.00100150250438,1.00100150250438,1.00100150250438,0.00533333333333333
"Os04g0543600",1.00100150250438,1.00100150250438,1.00100150250438,0.00533333333333333
"Os04g0577337",1.00100150250438,1.00100150250438,1.00100150250438,0.00533333333333333
"Os04g0604300",1.00100150250438,1.00100150250438,1.00100150250438,0.00533333333333333
"Os05g0196200",1.00100150250438,1.00100150250438,1.00100150250438,0.00533333333333333
"Os05g0446900",1.00100150250438,1.00100150250438,1.00100150250438,0.00533333333333333
"Os05g0497300",1.00100150250438,1.00100150250438,1.00100150250438,0.00533333333333333
"Os05g0552800",1.00100150250438,1.00100150250438,1.00100150250438,0.00533333333333333
"Os06g0233800",1.00100150250438,1.00100150250438,1.00100150250438,0.00533333333333333
"Os06g0698300",1.00100150250438,1.00100150250438,1.00100150250438,0.00533333333333333
"Os07g0123800",1.00100150250438,1.00100150250438,1.00100150250438,0.00533333333333333
"Os07g0232800",1.00100150250438,1.00100150250438,1.00100150250438,0.00533333333333333
"Os07g0249800",1.00100150250438,1.00100150250438,1.00100150250438,0.00533333333333333
"Os07g0480800",1.00100150250438,1.00100150250438,1.00100150250438,0.00533333333333333
"Os07g0529700",1.00100150250438,1.00100150250438,1.00100150250438,0.00533333333333333
"Os07g0531800",1.00100150250438,1.00100150250438,1.00100150250438,0.00533333333333333
"Os08g0130900",1.00100150250438,1.00100150250438,1.00100150250438,0.00533333333333333
"Os08g0231100",1.00100150250438,1.00100150250438,1.00100150250438,0.00533333333333333
"Os08g0239900",1.00100150250438,1.00100150250438,1.00100150250438,0.00533333333333333
"Os09g0248900",1.00100150250438,1.00100150250438,1.00100150250438,0.00533333333333333
"Os09g0252700",1.00100150250438,1.00100150250438,1.00100150250438,0.00533333333333333
"Os10g0389900",1.00100150250438,1.00100150250438,1.00100150250438,0.00533333333333333
"Os10g0456600",1.00100150250438,1.00100150250438,1.00100150250438,0.00533333333333333
"Os10g0557900",1.00100150250438,1.00100150250438,1.00100150250438,0.00533333333333333
"Os11g0171350",1.00100150250438,1.00100150250438,1.00100150250438,0.00533333333333333
"Os12g0190000",1.00100150250438,1.00100150250438,1.00100150250438,0.00533333333333333
"Os12g0559200",1.00100150250438,1.00100150250438,1.00100150250438,0.00533333333333333
"Os12g0581600",1.00100150250438,1.00100150250438,1.00100150250438,0.00533333333333333
"Os12g0615100",1.00100150250438,1.00100150250438,1.00100150250438,0.00533333333333333
"Os12g0615600",1.00100150250438,1.00100150250438,1.00100150250438,0.00533333333333333
"Os01g0332150",1.00100150250438,1.00100150250438,1.00100150250438,0.00333333333333333
"Os02g0686800",1.00100150250438,1.00100150250438,1.00100150250438,0.00333333333333333
"Os03g0192600",1.00100150250438,1.00100150250438,1.00100150250438,0.00333333333333333
"Os03g0327100",1.00100150250438,1.00100150250438,1.00100150250438,0.00333333333333333
"Os03g0688450",1.00100150250438,1.00100150250438,1.00100150250438,0.00333333333333333
"Os04g0685400",1.00100150250438,1.00100150250438,1.00100150250438,0.00333333333333333
"Os05g0253301",1.00100150250438,1.00100150250438,1.00100150250438,0.00333333333333333
"Os05g0522250",1.00100150250438,1.00100150250438,1.00100150250438,0.00333333333333333
"Os07g0208500",1.00100150250438,1.00100150250438,1.00100150250438,0.00333333333333333
"Os07g0492000",1.00100150250438,1.00100150250438,1.00100150250438,0.00333333333333333
"Os08g0450900",1.00100150250438,1.00100150250438,1.00100150250438,0.00333333333333333
"Os09g0241100",1.00100150250438,1.00100150250438,1.00100150250438,0.00333333333333333
"Os09g0450600",1.00100150250438,1.00100150250438,1.00100150250438,0.00333333333333333
"Os09g0554300",1.00100150250438,1.00100150250438,1.00100150250438,0.00333333333333333
"Os10g0139700",1.00100150250438,1.00100150250438,1.00100150250438,0.00333333333333333
"Os10g0578950",1.00100150250438,1.00100150250438,1.00100150250438,0.00333333333333333
"Os12g0508400",1.00100150250438,1.00100150250438,1.00100150250438,0.00333333333333333
"Os04g0607450",0,0,0,0.0146666666666667
"Os02g0201401",0,0,0,0.012
"Os02g0207500",0,0,0,0.012
"Os04g0193950",0,0,0,0.012
"Os07g0667300",0,0,0,0.012
"Os08g0510750",0,0,0,0.012
"Os01g0234433",0,0,0,0.0113333333333333
"Os01g0530316",0,0,0,0.0113333333333333
"Os10g0422600",0,0,0,0.0113333333333333
"Os01g0163000",0,0,0,0.0106666666666667
"Os04g0492500",0,0,0,0.0106666666666667
"Os05g0392050",0,0,0,0.0106666666666667
"Os07g0257800",0,0,0,0.0106666666666667
"Os02g0633066",0,0,0,0.00933333333333333
"Os03g0143532",0,0,0,0.00933333333333333
"Os04g0635100",0,0,0,0.00933333333333333
"Os10g0528200",0,0,0,0.00933333333333333
"Os01g0525800",0,0,0,0.00866666666666667
"Os01g0724450",0,0,0,0.00666666666666667
"Os01g0124000",0,0,0,0.006
"Os01g0209901",0,0,0,0.006
"Os01g0304050",0,0,0,0.006
"Os01g0305900",0,0,0,0.006
"Os01g0555600",0,0,0,0.006
"Os01g0613800",0,0,0,0.006
"Os01g0658900",0,0,0,0.006
"Os01g0661601",0,0,0,0.006
"Os01g0692000",0,0,0,0.006
"Os01g0754300",0,0,0,0.006
"Os01g0872566",0,0,0,0.006
"Os01g0927300",0,0,0,0.006
"Os01g0928400",0,0,0,0.006
"Os02g0106100",0,0,0,0.006
"Os02g0120700",0,0,0,0.006
"Os02g0193100",0,0,0,0.006
"Os02g0229900",0,0,0,0.006
"Os02g0232900",0,0,0,0.006
"Os02g0257250",0,0,0,0.006
"Os02g0551700",0,0,0,0.006
"Os02g0681100",0,0,0,0.006
"Os03g0162500",0,0,0,0.006
"Os03g0183050",0,0,0,0.006
"Os03g0195475",0,0,0,0.006
"Os03g0206150",0,0,0,0.006
"Os03g0206750",0,0,0,0.006
"Os03g0305550",0,0,0,0.006
"Os03g0336900",0,0,0,0.006
"Os03g0375300",0,0,0,0.006
"Os03g0388900",0,0,0,0.006
"Os03g0449200",0,0,0,0.006
"Os03g0571700",0,0,0,0.006
"Os03g0587200",0,0,0,0.006
"Os03g0808150",0,0,0,0.006
"Os03g0814800",0,0,0,0.006
"Os03g0833600",0,0,0,0.006
"Os03g0841700",0,0,0,0.006
"Os04g0372700",0,0,0,0.006
"Os04g0460600",0,0,0,0.006
"Os04g0528200",0,0,0,0.006
"Os04g0532400",0,0,0,0.006
"Os04g0582700",0,0,0,0.006
"Os04g0586100",0,0,0,0.006
"Os04g0612301",0,0,0,0.006
"Os05g0115100",0,0,0,0.006
"Os05g0122650",0,0,0,0.006
"Os05g0125400",0,0,0,0.006
"Os05g0267100",0,0,0,0.006
"Os05g0371166",0,0,0,0.006
"Os05g0382900",0,0,0,0.006
"Os05g0413200",0,0,0,0.006
"Os05g0576600",0,0,0,0.006
"Os05g0583400",0,0,0,0.006
"Os06g0133100",0,0,0,0.006
"Os06g0143950",0,0,0,0.006
"Os06g0244700",0,0,0,0.006
"Os06g0262501",0,0,0,0.006
"Os06g0274950",0,0,0,0.006
"Os06g0477400",0,0,0,0.006
"Os06g0544100",0,0,0,0.006
"Os06g0566201",0,0,0,0.006
"Os06g0575100",0,0,0,0.006
"Os07g0408400",0,0,0,0.006
"Os07g0526400",0,0,0,0.006
"Os07g0540600",0,0,0,0.006
"Os07g0570575",0,0,0,0.006
"Os07g0575550",0,0,0,0.006
"Os07g0590700",0,0,0,0.006
"Os07g0663800",0,0,0,0.006
"Os07g0694400",0,0,0,0.006
"Os08g0480050",0,0,0,0.006
"Os08g0483800",0,0,0,0.006
"Os08g0520900",0,0,0,0.006
"Os09g0240975",0,0,0,0.006
"Os09g0266200",0,0,0,0.006
"Os09g0385700",0,0,0,0.006
"Os09g0396900",0,0,0,0.006
"Os09g0413300",0,0,0,0.006
"Os09g0442400",0,0,0,0.006
"Os09g0520950",0,0,0,0.006
"Os09g0526300",0,0,0,0.006
"Os10g0320201",0,0,0,0.006
"Os10g0407400",0,0,0,0.006
"Os10g0442400",0,0,0,0.006
"Os10g0456950",0,0,0,0.006
"Os10g0529300",0,0,0,0.006
"Os11g0177750",0,0,0,0.006
"Os11g0244600",0,0,0,0.006
"Os11g0284300",0,0,0,0.006
"Os11g0540700",0,0,0,0.006
"Os11g0685100",0,0,0,0.006
"Os12g0129700",0,0,0,0.006
"Os12g0199000",0,0,0,0.006
"Os12g0237900",0,0,0,0.006
"Os12g0567000",0,0,0,0.006
"Os01g0110050",0,0,0,0.00533333333333333
"Os01g0134500",0,0,0,0.00533333333333333
"Os01g0155800",0,0,0,0.00533333333333333
"Os01g0184100",0,0,0,0.00533333333333333
"Os01g0213800",0,0,0,0.00533333333333333
"Os01g0310700",0,0,0,0.00533333333333333
"Os01g0323600",0,0,0,0.00533333333333333
"Os01g0341750",0,0,0,0.00533333333333333
"Os01g0367900",0,0,0,0.00533333333333333
"Os01g0372100",0,0,0,0.00533333333333333
"Os01g0585100",0,0,0,0.00533333333333333
"Os01g0687800",0,0,0,0.00533333333333333
"Os01g0710200",0,0,0,0.00533333333333333
"Os01g0764800",0,0,0,0.00533333333333333
"Os01g0777200",0,0,0,0.00533333333333333
"Os01g0849000",0,0,0,0.00533333333333333
"Os01g0867450",0,0,0,0.00533333333333333
"Os01g0944700",0,0,0,0.00533333333333333
"Os01g0945600",0,0,0,0.00533333333333333
"Os02g0140400",0,0,0,0.00533333333333333
"Os02g0150450",0,0,0,0.00533333333333333
"Os02g0162600",0,0,0,0.00533333333333333
"Os02g0191800",0,0,0,0.00533333333333333
"Os02g0193425",0,0,0,0.00533333333333333
"Os02g0207400",0,0,0,0.00533333333333333
"Os02g0248440",0,0,0,0.00533333333333333
"Os02g0265200",0,0,0,0.00533333333333333
"Os02g0318100",0,0,0,0.00533333333333333
"Os02g0328550",0,0,0,0.00533333333333333
"Os02g0541300",0,0,0,0.00533333333333333
"Os02g0563000",0,0,0,0.00533333333333333
"Os02g0580900",0,0,0,0.00533333333333333
"Os02g0621800",0,0,0,0.00533333333333333
"Os02g0630475",0,0,0,0.00533333333333333
"Os02g0639600",0,0,0,0.00533333333333333
"Os02g0667500",0,0,0,0.00533333333333333
"Os02g0792000",0,0,0,0.00533333333333333
"Os02g0796750",0,0,0,0.00533333333333333
"Os03g0104100",0,0,0,0.00533333333333333
"Os03g0107700",0,0,0,0.00533333333333333
"Os03g0149300",0,0,0,0.00533333333333333
"Os03g0167600",0,0,0,0.00533333333333333
"Os03g0195450",0,0,0,0.00533333333333333
"Os03g0232400",0,0,0,0.00533333333333333
"Os03g0244200",0,0,0,0.00533333333333333
"Os03g0320875",0,0,0,0.00533333333333333
"Os03g0376000",0,0,0,0.00533333333333333
"Os03g0407900",0,0,0,0.00533333333333333
"Os03g0421800",0,0,0,0.00533333333333333
"Os03g0559900",0,0,0,0.00533333333333333
"Os03g0713500",0,0,0,0.00533333333333333
"Os03g0749650",0,0,0,0.00533333333333333
"Os03g0752500",0,0,0,0.00533333333333333
"Os03g0756500",0,0,0,0.00533333333333333
"Os03g0850100",0,0,0,0.00533333333333333
"Os04g0233400",0,0,0,0.00533333333333333
"Os04g0291000",0,0,0,0.00533333333333333
"Os04g0373000",0,0,0,0.00533333333333333
"Os04g0423200",0,0,0,0.00533333333333333
"Os04g0443801",0,0,0,0.00533333333333333
"Os04g0453500",0,0,0,0.00533333333333333
"Os04g0460300",0,0,0,0.00533333333333333
"Os04g0469425",0,0,0,0.00533333333333333
"Os04g0527900",0,0,0,0.00533333333333333
"Os04g0555600",0,0,0,0.00533333333333333
"Os04g0615700",0,0,0,0.00533333333333333
"Os04g0622501",0,0,0,0.00533333333333333
"Os04g0675101",0,0,0,0.00533333333333333
"Os04g0684100",0,0,0,0.00533333333333333
"Os05g0113400",0,0,0,0.00533333333333333
"Os05g0134400",0,0,0,0.00533333333333333
"Os05g0137000",0,0,0,0.00533333333333333
"Os05g0171000",0,0,0,0.00533333333333333
"Os05g0171200",0,0,0,0.00533333333333333
"Os05g0278500",0,0,0,0.00533333333333333
"Os05g0317400",0,0,0,0.00533333333333333
"Os05g0376400",0,0,0,0.00533333333333333
"Os05g0424800",0,0,0,0.00533333333333333
"Os05g0508400",0,0,0,0.00533333333333333
"Os05g0508750",0,0,0,0.00533333333333333
"Os05g0537100",0,0,0,0.00533333333333333
"Os05g0551100",0,0,0,0.00533333333333333
"Os05g0585400",0,0,0,0.00533333333333333
"Os06g0125600",0,0,0,0.00533333333333333
"Os06g0131300",0,0,0,0.00533333333333333
"Os06g0131700",0,0,0,0.00533333333333333
"Os06g0142350",0,0,0,0.00533333333333333
"Os06g0173000",0,0,0,0.00533333333333333
"Os06g0174700",0,0,0,0.00533333333333333
"Os06g0248500",0,0,0,0.00533333333333333
"Os06g0290701",0,0,0,0.00533333333333333
"Os06g0320200",0,0,0,0.00533333333333333
"Os06g0687050",0,0,0,0.00533333333333333
"Os07g0130100",0,0,0,0.00533333333333333
"Os07g0162600",0,0,0,0.00533333333333333
"Os07g0165200",0,0,0,0.00533333333333333
"Os07g0169600",0,0,0,0.00533333333333333
"Os07g0209100",0,0,0,0.00533333333333333
"Os07g0448300",0,0,0,0.00533333333333333
"Os07g0468100",0,0,0,0.00533333333333333
"Os07g0517100",0,0,0,0.00533333333333333
"Os07g0534600",0,0,0,0.00533333333333333
"Os07g0578333",0,0,0,0.00533333333333333
"Os07g0593400",0,0,0,0.00533333333333333
"Os07g0598000",0,0,0,0.00533333333333333
"Os07g0603300",0,0,0,0.00533333333333333
"Os07g0617000",0,0,0,0.00533333333333333
"Os07g0646400",0,0,0,0.00533333333333333
"Os07g0656200",0,0,0,0.00533333333333333
"Os07g0680700",0,0,0,0.00533333333333333
"Os07g0689600",0,0,0,0.00533333333333333
"Os07g0691100",0,0,0,0.00533333333333333
"Os08g0116700",0,0,0,0.00533333333333333
"Os08g0232700",0,0,0,0.00533333333333333
"Os08g0411250",0,0,0,0.00533333333333333
"Os08g0507100",0,0,0,0.00533333333333333
"Os08g0552633",0,0,0,0.00533333333333333
"Os08g0561550",0,0,0,0.00533333333333333
"Os08g0562600",0,0,0,0.00533333333333333
"Os09g0363950",0,0,0,0.00533333333333333
"Os09g0422550",0,0,0,0.00533333333333333
"Os09g0451266",0,0,0,0.00533333333333333
"Os09g0498300",0,0,0,0.00533333333333333
"Os09g0511200",0,0,0,0.00533333333333333
"Os09g0513200",0,0,0,0.00533333333333333
"Os09g0522000",0,0,0,0.00533333333333333
"Os09g0522500",0,0,0,0.00533333333333333
"Os09g0537700",0,0,0,0.00533333333333333
"Os10g0413400",0,0,0,0.00533333333333333
"Os10g0417600",0,0,0,0.00533333333333333
"Os10g0461400",0,0,0,0.00533333333333333
"Os10g0464901",0,0,0,0.00533333333333333
"Os10g0471100",0,0,0,0.00533333333333333
"Os10g0496000",0,0,0,0.00533333333333333
"Os10g0509401",0,0,0,0.00533333333333333
"Os10g0530900",0,0,0,0.00533333333333333
"Os10g0531400",0,0,0,0.00533333333333333
"Os10g0539700",0,0,0,0.00533333333333333
"Os10g0556100",0,0,0,0.00533333333333333
"Os11g0109950",0,0,0,0.00533333333333333
"Os11g0118300",0,0,0,0.00533333333333333
"Os11g0126900",0,0,0,0.00533333333333333
"Os11g0137300",0,0,0,0.00533333333333333
"Os11g0140300",0,0,0,0.00533333333333333
"Os11g0288350",0,0,0,0.00533333333333333
"Os11g0289700",0,0,0,0.00533333333333333
"Os11g0490251",0,0,0,0.00533333333333333
"Os11g0514500",0,0,0,0.00533333333333333
"Os11g0591000",0,0,0,0.00533333333333333
"Os11g0598900",0,0,0,0.00533333333333333
"Os12g0131200",0,0,0,0.00533333333333333
"Os12g0165900",0,0,0,0.00533333333333333
"Os12g0480250",0,0,0,0.00533333333333333
"Os12g0528000",0,0,0,0.00533333333333333
"Os12g0533400",0,0,0,0.00533333333333333
"Os12g0544600",0,0,0,0.00533333333333333
"Os12g0568700",0,0,0,0.00533333333333333
"Os12g0601800",0,0,0,0.00533333333333333
"ENSRNA049473244",0,0,0,0.00333333333333333
"Os01g0200350",0,0,0,0.00333333333333333
"Os01g0255100",0,0,0,0.00333333333333333
"Os01g0382400",0,0,0,0.00333333333333333
"Os01g0388000",0,0,0,0.00333333333333333
"Os01g0661200",0,0,0,0.00333333333333333
"Os01g0695625",0,0,0,0.00333333333333333
"Os01g0823150",0,0,0,0.00333333333333333
"Os01g0860400",0,0,0,0.00333333333333333
"Os01g0889900",0,0,0,0.00333333333333333
"Os02g0129800",0,0,0,0.00333333333333333
"Os02g0215400",0,0,0,0.00333333333333333
"Os02g0278450",0,0,0,0.00333333333333333
"Os02g0621850",0,0,0,0.00333333333333333
"Os02g0823100",0,0,0,0.00333333333333333
"Os02g0823200",0,0,0,0.00333333333333333
"Os02g0832400",0,0,0,0.00333333333333333
"Os03g0165900",0,0,0,0.00333333333333333
"Os03g0218100",0,0,0,0.00333333333333333
"Os03g0310800",0,0,0,0.00333333333333333
"Os03g0401300",0,0,0,0.00333333333333333
"Os03g0421000",0,0,0,0.00333333333333333
"Os03g0438900",0,0,0,0.00333333333333333
"Os03g0648450",0,0,0,0.00333333333333333
"Os03g0660000",0,0,0,0.00333333333333333
"Os03g0678100",0,0,0,0.00333333333333333
"Os04g0192350",0,0,0,0.00333333333333333
"Os04g0581050",0,0,0,0.00333333333333333
"Os04g0611300",0,0,0,0.00333333333333333
"Os04g0641101",0,0,0,0.00333333333333333
"Os04g0684000",0,0,0,0.00333333333333333
"Os05g0163250",0,0,0,0.00333333333333333
"Os05g0339300",0,0,0,0.00333333333333333
"Os05g0406700",0,0,0,0.00333333333333333
"Os05g0408200",0,0,0,0.00333333333333333
"Os05g0475475",0,0,0,0.00333333333333333
"Os05g0501200",0,0,0,0.00333333333333333
"Os06g0105350",0,0,0,0.00333333333333333
"Os06g0109300",0,0,0,0.00333333333333333
"Os06g0118000",0,0,0,0.00333333333333333
"Os06g0147000",0,0,0,0.00333333333333333
"Os06g0274500",0,0,0,0.00333333333333333
"Os06g0536200",0,0,0,0.00333333333333333
"Os07g0136800",0,0,0,0.00333333333333333
"Os08g0286500",0,0,0,0.00333333333333333
"Os08g0351200",0,0,0,0.00333333333333333
"Os08g0508800",0,0,0,0.00333333333333333
"Os09g0339000",0,0,0,0.00333333333333333
"Os09g0345300",0,0,0,0.00333333333333333
"Os09g0407950",0,0,0,0.00333333333333333
"Os09g0422500",0,0,0,0.00333333333333333
"Os09g0486000",0,0,0,0.00333333333333333
"Os10g0130800",0,0,0,0.00333333333333333
"Os10g0162100",0,0,0,0.00333333333333333
"Os10g0525101",0,0,0,0.00333333333333333
"Os10g0560500",0,0,0,0.00333333333333333
"Os11g0118350",0,0,0,0.00333333333333333
"Os11g0184900",0,0,0,0.00333333333333333
"Os11g0211600",0,0,0,0.00333333333333333
"Os11g0659200",0,0,0,0.00333333333333333
"Os12g0502300",0,0,0,0.00333333333333333
"Os12g0516000",0,0,0,0.00333333333333333
"ENSRNA049468467",0,0,0,0
"ENSRNA049471381",0,0,0,0
"ENSRNA049471555",0,0,0,0
"EPlORYSAT000373852",0,0,0,0
"gene-ndhA",0,0,0,0
"gene-psbB",0,0,0,0
"Os01g0101150",0,0,0,0
"Os01g0102400",0,0,0,0
"Os01g0104200",0,0,0,0
"Os01g0105700",0,0,0,0
"Os01g0105900",0,0,0,0
"Os01g0106400",0,0,0,0
"Os01g0108400",0,0,0,0
"Os01g0108500",0,0,0,0
"Os01g0109432",0,0,0,0
"Os01g0110100",0,0,0,0
"Os01g0110800",0,0,0,0
"Os01g0113300",0,0,0,0
"Os01g0115200",0,0,0,0
"Os01g0115300",0,0,0,0
"Os01g0115533",0,0,0,0
"Os01g0115566",0,0,0,0
"Os01g0115700",0,0,0,0
"Os01g0115725",0,0,0,0
"Os01g0117200",0,0,0,0
"Os01g0117233",0,0,0,0
"Os01g0117266",0,0,0,0
"Os01g0117400",0,0,0,0
"Os01g0117650",0,0,0,0
"Os01g0117900",0,0,0,0
"Os01g0118066",0,0,0,0
"Os01g0119100",0,0,0,0
"Os01g0124200",0,0,0,0
"Os01g0124401",0,0,0,0
"Os01g0124650",0,0,0,0
"Os01g0124700",0,0,0,0
"Os01g0125550",0,0,0,0
"Os01g0126200",0,0,0,0
"Os01g0127600",0,0,0,0
"Os01g0128250",0,0,0,0
"Os01g0132000",0,0,0,0
"Os01g0134900",0,0,0,0
"Os01g0136100",0,0,0,0
"Os01g0136450",0,0,0,0
"Os01g0138400",0,0,0,0
"Os01g0139900",0,0,0,0
"Os01g0140400",0,0,0,0
"Os01g0144900",0,0,0,0
"Os01g0147300",0,0,0,0
"Os01g0148000",0,0,0,0
"Os01g0151500",0,0,0,0
"Os01g0151750",0,0,0,0
"Os01g0158400",0,0,0,0
"Os01g0159800",0,0,0,0
"Os01g0161000",0,0,0,0
"Os01g0164800",0,0,0,0
"Os01g0170500",0,0,0,0
"Os01g0171100",0,0,0,0
"Os01g0175100",0,0,0,0
"Os01g0175500",0,0,0,0
"Os01g0175600",0,0,0,0
"Os01g0175633",0,0,0,0
"Os01g0175700",0,0,0,0
"Os01g0175733",0,0,0,0
"Os01g0176300",0,0,0,0
"Os01g0176700",0,0,0,0
"Os01g0176751",0,0,0,0
"Os01g0179600",0,0,0,0
"Os01g0179800",0,0,0,0
"Os01g0182100",0,0,0,0
"Os01g0182832",0,0,0,0
"Os01g0184050",0,0,0,0
"Os01g0186600",0,0,0,0
"Os01g0186900",0,0,0,0
"Os01g0186950",0,0,0,0
"Os01g0187350",0,0,0,0
"Os01g0190400",0,0,0,0
"Os01g0192300",0,0,0,0
"Os01g0200300",0,0,0,0
"Os01g0201100",0,0,0,0
"Os01g0201200",0,0,0,0
"Os01g0206650",0,0,0,0
"Os01g0206700",0,0,0,0
"Os01g0207001",0,0,0,0
"Os01g0207900",0,0,0,0
"Os01g0209800",0,0,0,0
"Os01g0214001",0,0,0,0
"Os01g0214500",0,0,0,0
"Os01g0214600",0,0,0,0
"Os01g0217000",0,0,0,0
"Os01g0217050",0,0,0,0
"Os01g0217500",0,0,0,0
"Os01g0219300",0,0,0,0
"Os01g0221600",0,0,0,0
"Os01g0223900",0,0,0,0
"Os01g0224166",0,0,0,0
"Os01g0225000",0,0,0,0
"Os01g0226400",0,0,0,0
"Os01g0226450",0,0,0,0
"Os01g0228400",0,0,0,0
"Os01g0229400",0,0,0,0
"Os01g0231950",0,0,0,0
"Os01g0232000",0,0,0,0
"Os01g0232100",0,0,0,0
"Os01g0232450",0,0,0,0
"Os01g0234300",0,0,0,0
"Os01g0236400",0,0,0,0
"Os01g0242600",0,0,0,0
"Os01g0243100",0,0,0,0
"Os01g0247500",0,0,0,0
"Os01g0247550",0,0,0,0
"Os01g0248800",0,0,0,0
"Os01g0254950",0,0,0,0
"Os01g0256500",0,0,0,0
"Os01g0257100",0,0,0,0
"Os01g0260100",0,0,0,0
"Os01g0261000",0,0,0,0
"Os01g0266800",0,0,0,0
"Os01g0268600",0,0,0,0
"Os01g0269500",0,0,0,0
"Os01g0273800",0,0,0,0
"Os01g0275950",0,0,0,0
"Os01g0279400",0,0,0,0
"Os01g0279500",0,0,0,0
"Os01g0281250",0,0,0,0
"Os01g0282866",0,0,0,0
"Os01g0285300",0,0,0,0
"Os01g0286550",0,0,0,0
"Os01g0290600",0,0,0,0
"Os01g0294700",0,0,0,0
"Os01g0303600",0,0,0,0
"Os01g0304100",0,0,0,0
"Os01g0304300",0,0,0,0
"Os01g0310600",0,0,0,0
"Os01g0315700",0,0,0,0
"Os01g0323000",0,0,0,0
"Os01g0323775",0,0,0,0
"Os01g0327400",0,0,0,0
"Os01g0332100",0,0,0,0
"Os01g0342500",0,0,0,0
"Os01g0347100",0,0,0,0
"Os01g0348900",0,0,0,0
"Os01g0350100",0,0,0,0
"Os01g0350300",0,0,0,0
"Os01g0352100",0,0,0,0
"Os01g0352200",0,0,0,0
"Os01g0357100",0,0,0,0
"Os01g0357150",0,0,0,0
"Os01g0364100",0,0,0,0
"Os01g0364450",0,0,0,0
"Os01g0367700",0,0,0,0
"Os01g0369900",0,0,0,0
"Os01g0374200",0,0,0,0
"Os01g0378100",0,0,0,0
"Os01g0385400",0,0,0,0
"Os01g0391100",0,0,0,0
"Os01g0508000",0,0,0,0
"Os01g0508050",0,0,0,0
"Os01g0511100",0,0,0,0
"Os01g0511600",0,0,0,0
"Os01g0523250",0,0,0,0
"Os01g0524400",0,0,0,0
"Os01g0525700",0,0,0,0
"Os01g0528000",0,0,0,0
"Os01g0529800",0,0,0,0
"Os01g0532300",0,0,0,0
"Os01g0533000",0,0,0,0
"Os01g0533800",0,0,0,0
"Os01g0537250",0,0,0,0
"Os01g0543600",0,0,0,0
"Os01g0543800",0,0,0,0
"Os01g0546700",0,0,0,0
"Os01g0551100",0,0,0,0
"Os01g0552000",0,0,0,0
"Os01g0552050",0,0,0,0
"Os01g0555200",0,0,0,0
"Os01g0557100",0,0,0,0
"Os01g0559900",0,0,0,0
"Os01g0566500",0,0,0,0
"Os01g0571000",0,0,0,0
"Os01g0578200",0,0,0,0
"Os01g0579600",0,0,0,0
"Os01g0581800",0,0,0,0
"Os01g0583100",0,0,0,0
"Os01g0587150",0,0,0,0
"Os01g0587300",0,0,0,0
"Os01g0587400",0,0,0,0
"Os01g0588200",0,0,0,0
"Os01g0588300",0,0,0,0
"Os01g0588400",0,0,0,0
"Os01g0589900",0,0,0,0
"Os01g0590700",0,0,0,0
"Os01g0595600",0,0,0,0
"Os01g0597400",0,0,0,0
"Os01g0603200",0,0,0,0
"Os01g0604500",0,0,0,0
"Os01g0604900",0,0,0,0
"Os01g0605700",0,0,0,0
"Os01g0606000",0,0,0,0
"Os01g0607600",0,0,0,0
"Os01g0609000",0,0,0,0
"Os01g0611000",0,0,0,0
"Os01g0611950",0,0,0,0
"Os01g0615100",0,0,0,0
"Os01g0618900",0,0,0,0
"Os01g0620301",0,0,0,0
"Os01g0621400",0,0,0,0
"Os01g0622066",0,0,0,0
"Os01g0622100",0,0,0,0
"Os01g0625200",0,0,0,0
"Os01g0625900",0,0,0,0
"Os01g0626100",0,0,0,0
"Os01g0627800",0,0,0,0
"Os01g0627900",0,0,0,0
"Os01g0631700",0,0,0,0
"Os01g0635200",0,0,0,0
"Os01g0635550",0,0,0,0
"Os01g0642100",0,0,0,0
"Os01g0644000",0,0,0,0
"Os01g0644500",0,0,0,0
"Os01g0647200",0,0,0,0
"Os01g0650100",0,0,0,0
"Os01g0650800",0,0,0,0
"Os01g0651400",0,0,0,0
"Os01g0652300",0,0,0,0
"Os01g0652375",0,0,0,0
"Os01g0652450",0,0,0,0
"Os01g0652800",0,0,0,0
"Os01g0660200",0,0,0,0
"Os01g0661500",0,0,0,0
"Os01g0664200",0,0,0,0
"Os01g0664500",0,0,0,0
"Os01g0666600",0,0,0,0
"Os01g0667200",0,0,0,0
"Os01g0672166",0,0,0,0
"Os01g0672201",0,0,0,0
"Os01g0673700",0,0,0,0
"Os01g0675933",0,0,0,0
"Os01g0678000",0,0,0,0
"Os01g0678100",0,0,0,0
"Os01g0686700",0,0,0,0
"Os01g0690200",0,0,0,0
"Os01g0691400",0,0,0,0
"Os01g0692050",0,0,0,0
"Os01g0692100",0,0,0,0
"Os01g0693400",0,0,0,0
"Os01g0699450",0,0,0,0
"Os01g0700200",0,0,0,0
"Os01g0701100",0,0,0,0
"Os01g0705200",0,0,0,0
"Os01g0705400",0,0,0,0
"Os01g0706700",0,0,0,0
"Os01g0707500",0,0,0,0
"Os01g0711200",0,0,0,0
"Os01g0711800",0,0,0,0
"Os01g0714600",0,0,0,0
"Os01g0715400",0,0,0,0
"Os01g0719300",0,0,0,0
"Os01g0719350",0,0,0,0
"Os01g0720200",0,0,0,0
"Os01g0721400",0,0,0,0
"Os01g0723600",0,0,0,0
"Os01g0728000",0,0,0,0
"Os01g0730450",0,0,0,0
"Os01g0730700",0,0,0,0
"Os01g0731100",0,0,0,0
"Os01g0733200",0,0,0,0
"Os01g0734200",0,0,0,0
"Os01g0734399",0,0,0,0
"Os01g0734800",0,0,0,0
"Os01g0736450",0,0,0,0
"Os01g0737200",0,0,0,0
"Os01g0739500",0,0,0,0
"Os01g0740300",0,0,0,0
"Os01g0741900",0,0,0,0
"Os01g0742100",0,0,0,0
"Os01g0745700",0,0,0,0
"Os01g0745850",0,0,0,0
"Os01g0746400",0,0,0,0
"Os01g0747451",0,0,0,0
"Os01g0748800",0,0,0,0
"Os01g0749400",0,0,0,0
"Os01g0750400",0,0,0,0
"Os01g0755500",0,0,0,0
"Os01g0755550",0,0,0,0
"Os01g0755700",0,0,0,0
"Os01g0757200",0,0,0,0
"Os01g0757301",0,0,0,0
"Os01g0757900",0,0,0,0
"Os01g0762500",0,0,0,0
"Os01g0765200",0,0,0,0
"Os01g0768600",0,0,0,0
"Os01g0775500",0,0,0,0
"Os01g0775750",0,0,0,0
"Os01g0776400",0,0,0,0
"Os01g0782800",0,0,0,0
"Os01g0783800",0,0,0,0
"Os01g0784200",0,0,0,0
"Os01g0793550",0,0,0,0
"Os01g0793600",0,0,0,0
"Os01g0794400",0,0,0,0
"Os01g0795250",0,0,0,0
"Os01g0801600",0,0,0,0
"Os01g0804400",0,0,0,0
"Os01g0805900",0,0,0,0
"Os01g0813800",0,0,0,0
"Os01g0816450",0,0,0,0
"Os01g0818700",0,0,0,0
"Os01g0818900",0,0,0,0
"Os01g0823100",0,0,0,0
"Os01g0823500",0,0,0,0
"Os01g0824000",0,0,0,0
"Os01g0825500",0,0,0,0
"Os01g0825800",0,0,0,0
"Os01g0825900",0,0,0,0
"Os01g0826000",0,0,0,0
"Os01g0826800",0,0,0,0
"Os01g0829800",0,0,0,0
"Os01g0833600",0,0,0,0
"Os01g0834150",0,0,0,0
"Os01g0834900",0,0,0,0
"Os01g0837000",0,0,0,0
"Os01g0837100",0,0,0,0
"Os01g0837200",0,0,0,0
"Os01g0839200",0,0,0,0
"Os01g0841700",0,0,0,0
"Os01g0844300",0,0,0,0
"Os01g0844500",0,0,0,0
"Os01g0846150",0,0,0,0
"Os01g0846450",0,0,0,0
"Os01g0846700",0,0,0,0
"Os01g0849600",0,0,0,0
"Os01g0851300",0,0,0,0
"Os01g0854000",0,0,0,0
"Os01g0855000",0,0,0,0
"Os01g0855600",0,0,0,0
"Os01g0855700",0,0,0,0
"Os01g0857500",0,0,0,0
"Os01g0859500",0,0,0,0
"Os01g0860800",0,0,0,0
"Os01g0865700",0,0,0,0
"Os01g0870400",0,0,0,0
"Os01g0871400",0,0,0,0
"Os01g0871900",0,0,0,0
"Os01g0874900",0,0,0,0
"Os01g0875300",0,0,0,0
"Os01g0876800",0,0,0,0
"Os01g0878550",0,0,0,0
"Os01g0880200",0,0,0,0
"Os01g0885300",0,0,0,0
"Os01g0885700",0,0,0,0
"Os01g0887550",0,0,0,0
"Os01g0890001",0,0,0,0
"Os01g0891800",0,0,0,0
"Os01g0893400",0,0,0,0
"Os01g0898800",0,0,0,0
"Os01g0901600",0,0,0,0
"Os01g0901650",0,0,0,0
"Os01g0902000",0,0,0,0
"Os01g0902100",0,0,0,0
"Os01g0906000",0,0,0,0
"Os01g0907200",0,0,0,0
"Os01g0910300",0,0,0,0
"Os01g0910500",0,0,0,0
"Os01g0910800",0,0,0,0
"Os01g0910900",0,0,0,0
"Os01g0913100",0,0,0,0
"Os01g0914000",0,0,0,0
"Os01g0915400",0,0,0,0
"Os01g0915401",0,0,0,0
"Os01g0916950",0,0,0,0
"Os01g0917300",0,0,0,0
"Os01g0919100",0,0,0,0
"Os01g0919800",0,0,0,0
"Os01g0920700",0,0,0,0
"Os01g0921100",0,0,0,0
"Os01g0923750",0,0,0,0
"Os01g0924966",0,0,0,0
"Os01g0925100",0,0,0,0
"Os01g0934100",0,0,0,0
"Os01g0934400",0,0,0,0
"Os01g0940800",0,0,0,0
"Os01g0943800",0,0,0,0
"Os01g0945200",0,0,0,0
"Os01g0945300",0,0,0,0
"Os01g0945400",0,0,0,0
"Os01g0945666",0,0,0,0
"Os01g0948900",0,0,0,0
"Os01g0955100",0,0,0,0
"Os01g0955600",0,0,0,0
"Os01g0956075",0,0,0,0
"Os01g0962100",0,0,0,0
"Os01g0964333",0,0,0,0
"Os01g0964800",0,0,0,0
"Os01g0965300",0,0,0,0
"Os01g0969000",0,0,0,0
"Os01g0973100",0,0,0,0
"Os01g0973150",0,0,0,0
"Os01g0974701",0,0,0,0
"Os01g0977100",0,0,0,0
"Os02g0100250",0,0,0,0
"Os02g0101750",0,0,0,0
"Os02g0102300",0,0,0,0
"Os02g0104500",0,0,0,0
"Os02g0114400",0,0,0,0
"Os02g0116100",0,0,0,0
"Os02g0120500",0,0,0,0
"Os02g0120600",0,0,0,0
"Os02g0121750",0,0,0,0
"Os02g0131050",0,0,0,0
"Os02g0131600",0,0,0,0
"Os02g0132500",0,0,0,0
"Os02g0134200",0,0,0,0
"Os02g0134300",0,0,0,0
"Os02g0135250",0,0,0,0
"Os02g0136150",0,0,0,0
"Os02g0136933",0,0,0,0
"Os02g0136966",0,0,0,0
"Os02g0137450",0,0,0,0
"Os02g0137700",0,0,0,0
"Os02g0140500",0,0,0,0
"Os02g0140800",0,0,0,0
"Os02g0147850",0,0,0,0
"Os02g0148050",0,0,0,0
"Os02g0149600",0,0,0,0
"Os02g0149650",0,0,0,0
"Os02g0149750",0,0,0,0
"Os02g0149900",0,0,0,0
"Os02g0151300",0,0,0,0
"Os02g0155000",0,0,0,0
"Os02g0155900",0,0,0,0
"Os02g0156633",0,0,0,0
"Os02g0157100",0,0,0,0
"Os02g0158300",0,0,0,0
"Os02g0158350",0,0,0,0
"Os02g0161300",0,0,0,0
"Os02g0162766",0,0,0,0
"Os02g0162783",0,0,0,0
"Os02g0170100",0,0,0,0
"Os02g0170150",0,0,0,0
"Os02g0176000",0,0,0,0
"Os02g0178800",0,0,0,0
"Os02g0179200",0,0,0,0
"Os02g0182600",0,0,0,0
"Os02g0184450",0,0,0,0
"Os02g0191000",0,0,0,0
"Os02g0192500",0,0,0,0
"Os02g0193200",0,0,0,0
"Os02g0193300",0,0,0,0
"Os02g0197750",0,0,0,0
"Os02g0202300",0,0,0,0
"Os02g0204201",0,0,0,0
"Os02g0204400",0,0,0,0
"Os02g0207100",0,0,0,0
"Os02g0208500",0,0,0,0
"Os02g0209050",0,0,0,0
"Os02g0211000",0,0,0,0
"Os02g0212300",0,0,0,0
"Os02g0212500",0,0,0,0
"Os02g0212975",0,0,0,0
"Os02g0216300",0,0,0,0
"Os02g0218600",0,0,0,0
"Os02g0220800",0,0,0,0
"Os02g0221100",0,0,0,0
"Os02g0224800",0,0,0,0
"Os02g0225900",0,0,0,0
"Os02g0227700",0,0,0,0
"Os02g0229800",0,0,0,0
"Os02g0232000",0,0,0,0
"Os02g0232050",0,0,0,0
"Os02g0234450",0,0,0,0
"Os02g0237100",0,0,0,0
"Os02g0245850",0,0,0,0
"Os02g0251200",0,0,0,0
"Os02g0255801",0,0,0,0
"Os02g0257200",0,0,0,0
"Os02g0257400",0,0,0,0
"Os02g0258800",0,0,0,0
"Os02g0258900",0,0,0,0
"Os02g0259900",0,0,0,0
"Os02g0265100",0,0,0,0
"Os02g0269200",0,0,0,0
"Os02g0269650",0,0,0,0
"Os02g0270200",0,0,0,0
"Os02g0270350",0,0,0,0
"Os02g0273501",0,0,0,0
"Os02g0275200",0,0,0,0
"Os02g0278700",0,0,0,0
"Os02g0282000",0,0,0,0
"Os02g0282500",0,0,0,0
"Os02g0285775",0,0,0,0
"Os02g0287950",0,0,0,0
"Os02g0291000",0,0,0,0
"Os02g0297900",0,0,0,0
"Os02g0301100",0,0,0,0
"Os02g0301450",0,0,0,0
"Os02g0302700",0,0,0,0
"Os02g0306401",0,0,0,0
"Os02g0306600",0,0,0,0
"Os02g0307050",0,0,0,0
"Os02g0312600",0,0,0,0
"Os02g0318500",0,0,0,0
"Os02g0323000",0,0,0,0
"Os02g0453500",0,0,0,0
"Os02g0463401",0,0,0,0
"Os02g0470600",0,0,0,0
"Os02g0471300",0,0,0,0
"Os02g0474000",0,0,0,0
"Os02g0480950",0,0,0,0
"Os02g0483800",0,0,0,0
"Os02g0489600",0,0,0,0
"Os02g0499300",0,0,0,0
"Os02g0503900",0,0,0,0
"Os02g0510600",0,0,0,0
"Os02g0511900",0,0,0,0
"Os02g0513100",0,0,0,0
"Os02g0517900",0,0,0,0
"Os02g0518500",0,0,0,0
"Os02g0519700",0,0,0,0
"Os02g0524550",0,0,0,0
"Os02g0527700",0,0,0,0
"Os02g0532300",0,0,0,0
"Os02g0532500",0,0,0,0
"Os02g0540400",0,0,0,0
"Os02g0541150",0,0,0,0
"Os02g0552600",0,0,0,0
"Os02g0555600",0,0,0,0
"Os02g0555650",0,0,0,0
"Os02g0559300",0,0,0,0
"Os02g0568600",0,0,0,0
"Os02g0570600",0,0,0,0
"Os02g0571000",0,0,0,0
"Os02g0571100",0,0,0,0
"Os02g0573500",0,0,0,0
"Os02g0573601",0,0,0,0
"Os02g0574000",0,0,0,0
"Os02g0574100",0,0,0,0
"Os02g0575000",0,0,0,0
"Os02g0577501",0,0,0,0
"Os02g0578000",0,0,0,0
"Os02g0578400",0,0,0,0
"Os02g0578500",0,0,0,0
"Os02g0581900",0,0,0,0
"Os02g0583000",0,0,0,0
"Os02g0592833",0,0,0,0
"Os02g0593400",0,0,0,0
"Os02g0601700",0,0,0,0
"Os02g0603000",0,0,0,0
"Os02g0605900",0,0,0,0
"Os02g0608000",0,0,0,0
"Os02g0609200",0,0,0,0
"Os02g0611200",0,0,0,0
"Os02g0614800",0,0,0,0
"Os02g0616600",0,0,0,0
"Os02g0617800",0,0,0,0
"Os02g0624100",0,0,0,0
"Os02g0626100",0,0,0,0
"Os02g0628600",0,0,0,0
"Os02g0628900",0,0,0,0
"Os02g0630300",0,0,0,0
"Os02g0631601",0,0,0,0
"Os02g0632700",0,0,0,0
"Os02g0632800",0,0,0,0
"Os02g0636600",0,0,0,0
"Os02g0638650",0,0,0,0
"Os02g0641300",0,0,0,0
"Os02g0643900",0,0,0,0
"Os02g0646200",0,0,0,0
"Os02g0649300",0,0,0,0
"Os02g0649400",0,0,0,0
"Os02g0651900",0,0,0,0
"Os02g0652100",0,0,0,0
"Os02g0664100",0,0,0,0
"Os02g0664150",0,0,0,0
"Os02g0664400",0,0,0,0
"Os02g0667050",0,0,0,0
"Os02g0669000",0,0,0,0
"Os02g0669900",0,0,0,0
"Os02g0671200",0,0,0,0
"Os02g0674233",0,0,0,0
"Os02g0678200",0,0,0,0
"Os02g0679200",0,0,0,0
"Os02g0681200",0,0,0,0
"Os02g0681632",0,0,0,0
"Os02g0682700",0,0,0,0
"Os02g0683800",0,0,0,0
"Os02g0696900",0,0,0,0
"Os02g0700300",0,0,0,0
"Os02g0700700",0,0,0,0
"Os02g0700901",0,0,0,0
"Os02g0702600",0,0,0,0
"Os02g0704000",0,0,0,0
"Os02g0704131",0,0,0,0
"Os02g0705100",0,0,0,0
"Os02g0707200",0,0,0,0
"Os02g0708500",0,0,0,0
"Os02g0709600",0,0,0,0
"Os02g0710500",0,0,0,0
"Os02g0712500",0,0,0,0
"Os02g0712512",0,0,0,0
"Os02g0712700",0,0,0,0
"Os02g0713700",0,0,0,0
"Os02g0715400",0,0,0,0
"Os02g0716500",0,0,0,0
"Os02g0716800",0,0,0,0
"Os02g0720400",0,0,0,0
"Os02g0720500",0,0,0,0
"Os02g0723400",0,0,0,0
"Os02g0724850",0,0,0,0
"Os02g0733166",0,0,0,0
"Os02g0740001",0,0,0,0
"Os02g0740700",0,0,0,0
"Os02g0740800",0,0,0,0
"Os02g0740900",0,0,0,0
"Os02g0742050",0,0,0,0
"Os02g0742051",0,0,0,0
"Os02g0743400",0,0,0,0
"Os02g0743450",0,0,0,0
"Os02g0744700",0,0,0,0
"Os02g0744851",0,0,0,0
"Os02g0749100",0,0,0,0
"Os02g0750800",0,0,0,0
"Os02g0751300",0,0,0,0
"Os02g0753300",0,0,0,0
"Os02g0755500",0,0,0,0
"Os02g0755900",0,0,0,0
"Os02g0758800",0,0,0,0
"Os02g0761150",0,0,0,0
"Os02g0762600",0,0,0,0
"Os02g0768300",0,0,0,0
"Os02g0768750",0,0,0,0
"Os02g0769100",0,0,0,0
"Os02g0769250",0,0,0,0
"Os02g0771900",0,0,0,0
"Os02g0772100",0,0,0,0
"Os02g0772150",0,0,0,0
"Os02g0777400",0,0,0,0
"Os02g0779200",0,0,0,0
"Os02g0782500",0,0,0,0
"Os02g0784400",0,0,0,0
"Os02g0787400",0,0,0,0
"Os02g0787600",0,0,0,0
"Os02g0787700",0,0,0,0
"Os02g0788600",0,0,0,0
"Os02g0799600",0,0,0,0
"Os02g0799700",0,0,0,0
"Os02g0802200",0,0,0,0
"Os02g0802250",0,0,0,0
"Os02g0806300",0,0,0,0
"Os02g0807800",0,0,0,0
"Os02g0810600",0,0,0,0
"Os02g0813600",0,0,0,0
"Os02g0819400",0,0,0,0
"Os02g0822900",0,0,0,0
"Os02g0824000",0,0,0,0
"Os02g0824500",0,0,0,0
"Os02g0828300",0,0,0,0
"Os02g0828400",0,0,0,0
"Os02g0832301",0,0,0,0
"Os03g0101200",0,0,0,0
"Os03g0104000",0,0,0,0
"Os03g0107850",0,0,0,0
"Os03g0108500",0,0,0,0
"Os03g0111300",0,0,0,0
"Os03g0111400",0,0,0,0
"Os03g0112600",0,0,0,0
"Os03g0113500",0,0,0,0
"Os03g0114700",0,0,0,0
"Os03g0120400",0,0,0,0
"Os03g0120425",0,0,0,0
"Os03g0122300",0,0,0,0
"Os03g0125100",0,0,0,0
"Os03g0127950",0,0,0,0
"Os03g0128200",0,0,0,0
"Os03g0128866",0,0,0,0
"Os03g0129800",0,0,0,0
"Os03g0130300",0,0,0,0
"Os03g0130550",0,0,0,0
"Os03g0134550",0,0,0,0
"Os03g0135550",0,0,0,0
"Os03g0140551",0,0,0,0
"Os03g0144800",0,0,0,0
"Os03g0146600",0,0,0,0
"Os03g0146800",0,0,0,0
"Os03g0149200",0,0,0,0
"Os03g0152500",0,0,0,0
"Os03g0161400",0,0,0,0
"Os03g0161600",0,0,0,0
"Os03g0161950",0,0,0,0
"Os03g0163000",0,0,0,0
"Os03g0170900",0,0,0,0
"Os03g0175800",0,0,0,0
"Os03g0176900",0,0,0,0
"Os03g0178150",0,0,0,0
"Os03g0181675",0,0,0,0
"Os03g0181750",0,0,0,0
"Os03g0183000",0,0,0,0
"Os03g0183800",0,0,0,0
"Os03g0184100",0,0,0,0
"Os03g0185700",0,0,0,0
"Os03g0187200",0,0,0,0
"Os03g0188900",0,0,0,0
"Os03g0189600",0,0,0,0
"Os03g0190300",0,0,0,0
"Os03g0190500",0,0,0,0
"Os03g0191050",0,0,0,0
"Os03g0192500",0,0,0,0
"Os03g0192550",0,0,0,0
"Os03g0192633",0,0,0,0
"Os03g0192700",0,0,0,0
"Os03g0192750",0,0,0,0
"Os03g0192800",0,0,0,0
"Os03g0195500",0,0,0,0
"Os03g0196600",0,0,0,0
"Os03g0197125",0,0,0,0
"Os03g0198600",0,0,0,0
"Os03g0200200",0,0,0,0
"Os03g0209500",0,0,0,0
"Os03g0216700",0,0,0,0
"Os03g0216733",0,0,0,0
"Os03g0218300",0,0,0,0
"Os03g0219400",0,0,0,0
"Os03g0219450",0,0,0,0
"Os03g0221500",0,0,0,0
"Os03g0223400",0,0,0,0
"Os03g0225100",0,0,0,0
"Os03g0225150",0,0,0,0
"Os03g0228200",0,0,0,0
"Os03g0229500",0,0,0,0
"Os03g0231150",0,0,0,0
"Os03g0233000",0,0,0,0
"Os03g0234900",0,0,0,0
"Os03g0235000",0,0,0,0
"Os03g0238700",0,0,0,0
"Os03g0242300",0,0,0,0
"Os03g0242350",0,0,0,0
"Os03g0244333",0,0,0,0
"Os03g0244466",0,0,0,0
"Os03g0245800",0,0,0,0
"Os03g0246500",0,0,0,0
"Os03g0248300",0,0,0,0
"Os03g0250200",0,0,0,0
"Os03g0251500",0,0,0,0
"Os03g0251700",0,0,0,0
"Os03g0254200",0,0,0,0
"Os03g0259001",0,0,0,0
"Os03g0261100",0,0,0,0
"Os03g0261950",0,0,0,0
"Os03g0262700",0,0,0,0
"Os03g0263950",0,0,0,0
"Os03g0265666",0,0,0,0
"Os03g0266800",0,0,0,0
"Os03g0266900",0,0,0,0
"Os03g0267000",0,0,0,0
"Os03g0268400",0,0,0,0
"Os03g0268450",0,0,0,0
"Os03g0269500",0,0,0,0
"Os03g0270000",0,0,0,0
"Os03g0270500",0,0,0,0
"Os03g0277300",0,0,0,0
"Os03g0279950",0,0,0,0
"Os03g0283500",0,0,0,0
"Os03g0283750",0,0,0,0
"Os03g0284200",0,0,0,0
"Os03g0286900",0,0,0,0
"Os03g0287700",0,0,0,0
"Os03g0289350",0,0,0,0
"Os03g0290400",0,0,0,0
"Os03g0295932",0,0,0,0
"Os03g0297600",0,0,0,0
"Os03g0298300",0,0,0,0
"Os03g0298700",0,0,0,0
"Os03g0300900",0,0,0,0
"Os03g0304550",0,0,0,0
"Os03g0305600",0,0,0,0
"Os03g0305950",0,0,0,0
"Os03g0306302",0,0,0,0
"Os03g0316200",0,0,0,0
"Os03g0319000",0,0,0,0
"Os03g0319050",0,0,0,0
"Os03g0319400",0,0,0,0
"Os03g0321100",0,0,0,0
"Os03g0322200",0,0,0,0
"Os03g0326100",0,0,0,0
"Os03g0327800",0,0,0,0
"Os03g0332100",0,0,0,0
"Os03g0332201",0,0,0,0
"Os03g0332900",0,0,0,0
"Os03g0338100",0,0,0,0
"Os03g0341300",0,0,0,0
"Os03g0341600",0,0,0,0
"Os03g0346750",0,0,0,0
"Os03g0347400",0,0,0,0
"Os03g0348900",0,0,0,0
"Os03g0353000",0,0,0,0
"Os03g0356414",0,0,0,0
"Os03g0356498",0,0,0,0
"Os03g0356526",0,0,0,0
"Os03g0356596",0,0,0,0
"Os03g0362200",0,0,0,0
"Os03g0364400",0,0,0,0
"Os03g0366350",0,0,0,0
"Os03g0367150",0,0,0,0
"Os03g0367200",0,0,0,0
"Os03g0370400",0,0,0,0
"Os03g0371300",0,0,0,0
"Os03g0371350",0,0,0,0
"Os03g0375200",0,0,0,0
"Os03g0377600",0,0,0,0
"Os03g0381500",0,0,0,0
"Os03g0386800",0,0,0,0
"Os03g0388800",0,0,0,0
"Os03g0389000",0,0,0,0
"Os03g0389400",0,0,0,0
"Os03g0397700",0,0,0,0
"Os03g0397900",0,0,0,0
"Os03g0399800",0,0,0,0
"Os03g0399900",0,0,0,0
"Os03g0400700",0,0,0,0
"Os03g0401333",0,0,0,0
"Os03g0402200",0,0,0,0
"Os03g0405200",0,0,0,0
"Os03g0408101",0,0,0,0
"Os03g0409600",0,0,0,0
"Os03g0412300",0,0,0,0
"Os03g0416500",0,0,0,0
"Os03g0436600",0,0,0,0
"Os03g0448950",0,0,0,0
"Os03g0554950",0,0,0,0
"Os03g0563200",0,0,0,0
"Os03g0566600",0,0,0,0
"Os03g0570775",0,0,0,0
"Os03g0570800",0,0,0,0
"Os03g0571800",0,0,0,0
"Os03g0572925",0,0,0,0
"Os03g0574900",0,0,0,0
"Os03g0576600",0,0,0,0
"Os03g0580200",0,0,0,0
"Os03g0594100",0,0,0,0
"Os03g0595050",0,0,0,0
"Os03g0597400",0,0,0,0
"Os03g0598002",0,0,0,0
"Os03g0603100",0,0,0,0
"Os03g0603200",0,0,0,0
"Os03g0604200",0,0,0,0
"Os03g0604432",0,0,0,0
"Os03g0607200",0,0,0,0
"Os03g0608600",0,0,0,0
"Os03g0613100",0,0,0,0
"Os03g0618300",0,0,0,0
"Os03g0618366",0,0,0,0
"Os03g0619800",0,0,0,0
"Os03g0620500",0,0,0,0
"Os03g0621600",0,0,0,0
"Os03g0625201",0,0,0,0
"Os03g0625300",0,0,0,0
"Os03g0626700",0,0,0,0
"Os03g0626750",0,0,0,0
"Os03g0628800",0,0,0,0
"Os03g0633800",0,0,0,0
"Os03g0634400",0,0,0,0
"Os03g0635100",0,0,0,0
"Os03g0637900",0,0,0,0
"Os03g0639200",0,0,0,0
"Os03g0639350",0,0,0,0
"Os03g0644700",0,0,0,0
"Os03g0644850",0,0,0,0
"Os03g0645900",0,0,0,0
"Os03g0645966",0,0,0,0
"Os03g0650200",0,0,0,0
"Os03g0654400",0,0,0,0
"Os03g0654700",0,0,0,0
"Os03g0660050",0,0,0,0
"Os03g0663700",0,0,0,0
"Os03g0676300",0,0,0,0
"Os03g0679800",0,0,0,0
"Os03g0681201",0,0,0,0
"Os03g0683900",0,0,0,0
"Os03g0685300",0,0,0,0
"Os03g0685700",0,0,0,0
"Os03g0688300",0,0,0,0
"Os03g0689300",0,0,0,0
"Os03g0689350",0,0,0,0
"Os03g0689688",0,0,0,0
"Os03g0690500",0,0,0,0
"Os03g0693900",0,0,0,0
"Os03g0694000",0,0,0,0
"Os03g0704200",0,0,0,0
"Os03g0711250",0,0,0,0
"Os03g0713200",0,0,0,0
"Os03g0717200",0,0,0,0
"Os03g0720800",0,0,0,0
"Os03g0722500",0,0,0,0
"Os03g0723400",0,0,0,0
"Os03g0723700",0,0,0,0
"Os03g0724700",0,0,0,0
"Os03g0725050",0,0,0,0
"Os03g0730500",0,0,0,0
"Os03g0736700",0,0,0,0
"Os03g0738350",0,0,0,0
"Os03g0738900",0,0,0,0
"Os03g0740900",0,0,0,0
"Os03g0741000",0,0,0,0
"Os03g0744675",0,0,0,0
"Os03g0746900",0,0,0,0
"Os03g0747100",0,0,0,0
"Os03g0749300",0,0,0,0
"Os03g0749401",0,0,0,0
"Os03g0758551",0,0,0,0
"Os03g0762400",0,0,0,0
"Os03g0762450",0,0,0,0
"Os03g0764100",0,0,0,0
"Os03g0764125",0,0,0,0
"Os03g0765000",0,0,0,0
"Os03g0766500",0,0,0,0
"Os03g0775200",0,0,0,0
"Os03g0777100",0,0,0,0
"Os03g0777500",0,0,0,0
"Os03g0785800",0,0,0,0
"Os03g0789500",0,0,0,0
"Os03g0790801",0,0,0,0
"Os03g0796700",0,0,0,0
"Os03g0797300",0,0,0,0
"Os03g0797800",0,0,0,0
"Os03g0797902",0,0,0,0
"Os03g0798233",0,0,0,0
"Os03g0802400",0,0,0,0
"Os03g0802500",0,0,0,0
"Os03g0803800",0,0,0,0
"Os03g0816500",0,0,0,0
"Os03g0816900",0,0,0,0
"Os03g0817100",0,0,0,0
"Os03g0817200",0,0,0,0
"Os03g0818250",0,0,0,0
"Os03g0820500",0,0,0,0
"Os03g0821100",0,0,0,0
"Os03g0821150",0,0,0,0
"Os03g0826800",0,0,0,0
"Os03g0826900",0,0,0,0
"Os03g0829466",0,0,0,0
"Os03g0830300",0,0,0,0
"Os03g0830400",0,0,0,0
"Os03g0832800",0,0,0,0
"Os03g0832850",0,0,0,0
"Os03g0834300",0,0,0,0
"Os03g0835100",0,0,0,0
"Os03g0838100",0,0,0,0
"Os03g0838400",0,0,0,0
"Os03g0838450",0,0,0,0
"Os03g0838800",0,0,0,0
"Os03g0839800",0,0,0,0
"Os03g0845000",0,0,0,0
"Os03g0847900",0,0,0,0
"Os03g0850200",0,0,0,0
"Os03g0851400",0,0,0,0
"Os03g0854600",0,0,0,0
"Os03g0857600",0,0,0,0
"Os03g0859900",0,0,0,0
"Os04g0107900",0,0,0,0
"Os04g0108101",0,0,0,0
"Os04g0111225",0,0,0,0
"Os04g0111250",0,0,0,0
"Os04g0118700",0,0,0,0
"Os04g0119200",0,0,0,0
"Os04g0119400",0,0,0,0
"Os04g0121100",0,0,0,0
"Os04g0122000",0,0,0,0
"Os04g0129900",0,0,0,0
"Os04g0139100",0,0,0,0
"Os04g0154800",0,0,0,0
"Os04g0160600",0,0,0,0
"Os04g0161100",0,0,0,0
"Os04g0164900",0,0,0,0
"Os04g0165000",0,0,0,0
"Os04g0166450",0,0,0,0
"Os04g0166500",0,0,0,0
"Os04g0167800",0,0,0,0
"Os04g0167900",0,0,0,0
"Os04g0171600",0,0,0,0
"Os04g0174900",0,0,0,0
"Os04g0178400",0,0,0,0
"Os04g0182600",0,0,0,0
"Os04g0182701",0,0,0,0
"Os04g0194950",0,0,0,0
"Os04g0197100",0,0,0,0
"Os04g0200400",0,0,0,0
"Os04g0201500",0,0,0,0
"Os04g0203400",0,0,0,0
"Os04g0208450",0,0,0,0
"Os04g0218600",0,0,0,0
"Os04g0219200",0,0,0,0
"Os04g0223300",0,0,0,0
"Os04g0224000",0,0,0,0
"Os04g0225001",0,0,0,0
"Os04g0226600",0,0,0,0
"Os04g0226633",0,0,0,0
"Os04g0229100",0,0,0,0
"Os04g0233851",0,0,0,0
"Os04g0247700",0,0,0,0
"Os04g0249600",0,0,0,0
"Os04g0266900",0,0,0,0
"Os04g0280500",0,0,0,0
"Os04g0295500",0,0,0,0
"Os04g0301500",0,0,0,0
"Os04g0304250",0,0,0,0
"Os04g0310400",0,0,0,0
"Os04g0323800",0,0,0,0
"Os04g0324000",0,0,0,0
"Os04g0324100",0,0,0,0
"Os04g0330200",0,0,0,0
"Os04g0338000",0,0,0,0
"Os04g0340800",0,0,0,0
"Os04g0342100",0,0,0,0
"Os04g0344100",0,0,0,0
"Os04g0352400",0,0,0,0
"Os04g0356600",0,0,0,0
"Os04g0356800",0,0,0,0
"Os04g0357200",0,0,0,0
"Os04g0369000",0,0,0,0
"Os04g0369033",0,0,0,0
"Os04g0369066",0,0,0,0
"Os04g0369100",0,0,0,0
"Os04g0380300",0,0,0,0
"Os04g0380400",0,0,0,0
"Os04g0381400",0,0,0,0
"Os04g0384800",0,0,0,0
"Os04g0386700",0,0,0,0
"Os04g0387000",0,0,0,0
"Os04g0387300",0,0,0,0
"Os04g0390100",0,0,0,0
"Os04g0394733",0,0,0,0
"Os04g0394766",0,0,0,0
"Os04g0399300",0,0,0,0
"Os04g0401700",0,0,0,0
"Os04g0401751",0,0,0,0
"Os04g0402500",0,0,0,0
"Os04g0404800",0,0,0,0
"Os04g0404900",0,0,0,0
"Os04g0409200",0,0,0,0
"Os04g0409900",0,0,0,0
"Os04g0410050",0,0,0,0
"Os04g0412300",0,0,0,0
"Os04g0415000",0,0,0,0
"Os04g0418300",0,0,0,0
"Os04g0418800",0,0,0,0
"Os04g0419900",0,0,0,0
"Os04g0420500",0,0,0,0
"Os04g0420600",0,0,0,0
"Os04g0420801",0,0,0,0
"Os04g0421850",0,0,0,0
"Os04g0429600",0,0,0,0
"Os04g0430200",0,0,0,0
"Os04g0431700",0,0,0,0
"Os04g0432000",0,0,0,0
"Os04g0432250",0,0,0,0
"Os04g0432800",0,0,0,0
"Os04g0435200",0,0,0,0
"Os04g0435325",0,0,0,0
"Os04g0437500",0,0,0,0
"Os04g0437700",0,0,0,0
"Os04g0443300",0,0,0,0
"Os04g0444800",0,0,0,0
"Os04g0446401",0,0,0,0
"Os04g0447100",0,0,0,0
"Os04g0447650",0,0,0,0
"Os04g0447700",0,0,0,0
"Os04g0447950",0,0,0,0
"Os04g0448000",0,0,0,0
"Os04g0448300",0,0,0,0
"Os04g0448950",0,0,0,0
"Os04g0449900",0,0,0,0
"Os04g0449950",0,0,0,0
"Os04g0450400",0,0,0,0
"Os04g0451000",0,0,0,0
"Os04g0452500",0,0,0,0
"Os04g0453200",0,0,0,0
"Os04g0453400",0,0,0,0
"Os04g0453450",0,0,0,0
"Os04g0456900",0,0,0,0
"Os04g0463200",0,0,0,0
"Os04g0464200",0,0,0,0
"Os04g0465100",0,0,0,0
"Os04g0469300",0,0,0,0
"Os04g0473900",0,0,0,0
"Os04g0476600",0,0,0,0
"Os04g0476650",0,0,0,0
"Os04g0480700",0,0,0,0
"Os04g0481050",0,0,0,0
"Os04g0481200",0,0,0,0
"Os04g0481600",0,0,0,0
"Os04g0486950",0,0,0,0
"Os04g0490866",0,0,0,0
"Os04g0490900",0,0,0,0
"Os04g0494100",0,0,0,0
"Os04g0495400",0,0,0,0
"Os04g0497250",0,0,0,0
"Os04g0499100",0,0,0,0
"Os04g0505200",0,0,0,0
"Os04g0506100",0,0,0,0
"Os04g0507950",0,0,0,0
"Os04g0508500",0,0,0,0
"Os04g0511200",0,0,0,0
"Os04g0512900",0,0,0,0
"Os04g0513700",0,0,0,0
"Os04g0513800",0,0,0,0
"Os04g0518400",0,0,0,0
"Os04g0519925",0,0,0,0
"Os04g0523600",0,0,0,0
"Os04g0526800",0,0,0,0
"Os04g0530600",0,0,0,0
"Os04g0531750",0,0,0,0
"Os04g0538166",0,0,0,0
"Os04g0540750",0,0,0,0
"Os04g0541100",0,0,0,0
"Os04g0541234",0,0,0,0
"Os04g0541700",0,0,0,0
"Os04g0542200",0,0,0,0
"Os04g0546800",0,0,0,0
"Os04g0553050",0,0,0,0
"Os04g0556100",0,0,0,0
"Os04g0556900",0,0,0,0
"Os04g0558900",0,0,0,0
"Os04g0559100",0,0,0,0
"Os04g0559550",0,0,0,0
"Os04g0561500",0,0,0,0
"Os04g0562100",0,0,0,0
"Os04g0563801",0,0,0,0
"Os04g0564300",0,0,0,0
"Os04g0565200",0,0,0,0
"Os04g0565400",0,0,0,0
"Os04g0566600",0,0,0,0
"Os04g0568850",0,0,0,0
"Os04g0568950",0,0,0,0
"Os04g0571200",0,0,0,0
"Os04g0571300",0,0,0,0
"Os04g0573200",0,0,0,0
"Os04g0573900",0,0,0,0
"Os04g0574200",0,0,0,0
"Os04g0578600",0,0,0,0
"Os04g0580350",0,0,0,0
"Os04g0581000",0,0,0,0
"Os04g0583800",0,0,0,0
"Os04g0585050",0,0,0,0
"Os04g0585900",0,0,0,0
"Os04g0586200",0,0,0,0
"Os04g0589400",0,0,0,0
"Os04g0597534",0,0,0,0
"Os04g0602100",0,0,0,0
"Os04g0603300",0,0,0,0
"Os04g0604251",0,0,0,0
"Os04g0605300",0,0,0,0
"Os04g0607400",0,0,0,0
"Os04g0608100",0,0,0,0
"Os04g0608600",0,0,0,0
"Os04g0609500",0,0,0,0
"Os04g0609525",0,0,0,0
"Os04g0610400",0,0,0,0
"Os04g0610600",0,0,0,0
"Os04g0611400",0,0,0,0
"Os04g0612500",0,0,0,0
"Os04g0613700",0,0,0,0
"Os04g0614650",0,0,0,0
"Os04g0616266",0,0,0,0
"Os04g0620600",0,0,0,0
"Os04g0622600",0,0,0,0
"Os04g0622800",0,0,0,0
"Os04g0623500",0,0,0,0
"Os04g0623550",0,0,0,0
"Os04g0625350",0,0,0,0
"Os04g0630100",0,0,0,0
"Os04g0630400",0,0,0,0
"Os04g0630900",0,0,0,0
"Os04g0632100",0,0,0,0
"Os04g0632200",0,0,0,0
"Os04g0634800",0,0,0,0
"Os04g0635201",0,0,0,0
"Os04g0635350",0,0,0,0
"Os04g0635400",0,0,0,0
"Os04g0635450",0,0,0,0
"Os04g0638100",0,0,0,0
"Os04g0639000",0,0,0,0
"Os04g0642000",0,0,0,0
"Os04g0650300",0,0,0,0
"Os04g0652700",0,0,0,0
"Os04g0653300",0,0,0,0
"Os04g0665600",0,0,0,0
"Os04g0669600",0,0,0,0
"Os04g0669900",0,0,0,0
"Os04g0673700",0,0,0,0
"Os04g0676800",0,0,0,0
"Os04g0677000",0,0,0,0
"Os04g0679967",0,0,0,0
"Os04g0681400",0,0,0,0
"Os04g0681450",0,0,0,0
"Os04g0682850",0,0,0,0
"Os04g0683700",0,0,0,0
"Os04g0684800",0,0,0,0
"Os04g0685151",0,0,0,0
"Os04g0685500",0,0,0,0
"Os04g0686200",0,0,0,0
"Os04g0686800",0,0,0,0
"Os04g0688100",0,0,0,0
"Os04g0688500",0,0,0,0
"Os04g0688600",0,0,0,0
"Os04g0689400",0,0,0,0
"Os04g0690500",0,0,0,0
"Os04g0690800",0,0,0,0
"Os04g0691433",0,0,0,0
"Os04g0691466",0,0,0,0
"Os04g0691900",0,0,0,0
"Os04g0692800",0,0,0,0
"Os05g0100016",0,0,0,0
"Os05g0100500",0,0,0,0
"Os05g0104650",0,0,0,0
"Os05g0105000",0,0,0,0
"Os05g0105050",0,0,0,0
"Os05g0106700",0,0,0,0
"Os05g0111200",0,0,0,0
"Os05g0119350",0,0,0,0
"Os05g0120250",0,0,0,0
"Os05g0121850",0,0,0,0
"Os05g0121900",0,0,0,0
"Os05g0122600",0,0,0,0
"Os05g0123400",0,0,0,0
"Os05g0125350",0,0,0,0
"Os05g0125900",0,0,0,0
"Os05g0126400",0,0,0,0
"Os05g0127266",0,0,0,0
"Os05g0130100",0,0,0,0
"Os05g0130300",0,0,0,0
"Os05g0130600",0,0,0,0
"Os05g0137100",0,0,0,0
"Os05g0142400",0,0,0,0
"Os05g0143800",0,0,0,0
"Os05g0147300",0,0,0,0
"Os05g0157600",0,0,0,0
"Os05g0160300",0,0,0,0
"Os05g0161500",0,0,0,0
"Os05g0162500",0,0,0,0
"Os05g0163300",0,0,0,0
"Os05g0165900",0,0,0,0
"Os05g0166900",0,0,0,0
"Os05g0169450",0,0,0,0
"Os05g0170000",0,0,0,0
"Os05g0172800",0,0,0,0
"Os05g0176700",0,0,0,0
"Os05g0178300",0,0,0,0
"Os05g0178600",0,0,0,0
"Os05g0179950",0,0,0,0
"Os05g0185525",0,0,0,0
"Os05g0196250",0,0,0,0
"Os05g0198400",0,0,0,0
"Os05g0200340",0,0,0,0
"Os05g0200400",0,0,0,0
"Os05g0200700",0,0,0,0
"Os05g0206600",0,0,0,0
"Os05g0214300",0,0,0,0
"Os05g0215000",0,0,0,0
"Os05g0215033",0,0,0,0
"Os05g0219900",0,0,0,0
"Os05g0220500",0,0,0,0
"Os05g0230700",0,0,0,0
"Os05g0247100",0,0,0,0
"Os05g0253200",0,0,0,0
"Os05g0255800",0,0,0,0
"Os05g0267800",0,0,0,0
"Os05g0268500",0,0,0,0
"Os05g0278550",0,0,0,0
"Os05g0299000",0,0,0,0
"Os05g0304501",0,0,0,0
"Os05g0307200",0,0,0,0
"Os05g0307300",0,0,0,0
"Os05g0312600",0,0,0,0
"Os05g0317900",0,0,0,0
"Os05g0328000",0,0,0,0
"Os05g0336200",0,0,0,0
"Os05g0342000",0,0,0,0
"Os05g0343400",0,0,0,0
"Os05g0355400",0,0,0,0
"Os05g0355450",0,0,0,0
"Os05g0359500",0,0,0,0
"Os05g0366600",0,0,0,0
"Os05g0373900",0,0,0,0
"Os05g0374500",0,0,0,0
"Os05g0381600",0,0,0,0
"Os05g0382600",0,0,0,0
"Os05g0388151",0,0,0,0
"Os05g0395025",0,0,0,0
"Os05g0400100",0,0,0,0
"Os05g0400200",0,0,0,0
"Os05g0401500",0,0,0,0
"Os05g0408800",0,0,0,0
"Os05g0408850",0,0,0,0
"Os05g0410900",0,0,0,0
"Os05g0411100",0,0,0,0
"Os05g0414200",0,0,0,0
"Os05g0421900",0,0,0,0
"Os05g0424000",0,0,0,0
"Os05g0424100",0,0,0,0
"Os05g0424300",0,0,0,0
"Os05g0427400",0,0,0,0
"Os05g0434600",0,0,0,0
"Os05g0439000",0,0,0,0
"Os05g0439300",0,0,0,0
"Os05g0439400",0,0,0,0
"Os05g0440300",0,0,0,0
"Os05g0443800",0,0,0,0
"Os05g0447200",0,0,0,0
"Os05g0447580",0,0,0,0
"Os05g0447620",0,0,0,0
"Os05g0455500",0,0,0,0
"Os05g0457200",0,0,0,0
"Os05g0457300",0,0,0,0
"Os05g0459300",0,0,0,0
"Os05g0461900",0,0,0,0
"Os05g0462400",0,0,0,0
"Os05g0462500",0,0,0,0
"Os05g0463300",0,0,0,0
"Os05g0463500",0,0,0,0
"Os05g0465800",0,0,0,0
"Os05g0472400",0,0,0,0
"Os05g0475400",0,0,0,0
"Os05g0475700",0,0,0,0
"Os05g0476700",0,0,0,0
"Os05g0477500",0,0,0,0
"Os05g0477600",0,0,0,0
"Os05g0477666",0,0,0,0
"Os05g0477900",0,0,0,0
"Os05g0480300",0,0,0,0
"Os05g0485850",0,0,0,0
"Os05g0486150",0,0,0,0
"Os05g0488600",0,0,0,0
"Os05g0491000",0,0,0,0
"Os05g0493800",0,0,0,0
"Os05g0494600",0,0,0,0
"Os05g0494800",0,0,0,0
"Os05g0495600",0,0,0,0
"Os05g0499400",0,0,0,0
"Os05g0500500",0,0,0,0
"Os05g0501400",0,0,0,0
"Os05g0501500",0,0,0,0
"Os05g0506000",0,0,0,0
"Os05g0512600",0,0,0,0
"Os05g0514600",0,0,0,0
"Os05g0514701",0,0,0,0
"Os05g0515200",0,0,0,0
"Os05g0515900",0,0,0,0
"Os05g0516700",0,0,0,0
"Os05g0518800",0,0,0,0
"Os05g0521700",0,0,0,0
"Os05g0525900",0,0,0,0
"Os05g0527900",0,0,0,0
"Os05g0528000",0,0,0,0
"Os05g0530400",0,0,0,0
"Os05g0534400",0,0,0,0
"Os05g0535900",0,0,0,0
"Os05g0536250",0,0,0,0
"Os05g0541100",0,0,0,0
"Os05g0541301",0,0,0,0
"Os05g0542500",0,0,0,0
"Os05g0543100",0,0,0,0
"Os05g0545400",0,0,0,0
"Os05g0548500",0,0,0,0
"Os05g0548900",0,0,0,0
"Os05g0548950",0,0,0,0
"Os05g0549232",0,0,0,0
"Os05g0550300",0,0,0,0
"Os05g0550600",0,0,0,0
"Os05g0551650",0,0,0,0
"Os05g0551700",0,0,0,0
"Os05g0559350",0,0,0,0
"Os05g0560900",0,0,0,0
"Os05g0561000",0,0,0,0
"Os05g0563600",0,0,0,0
"Os05g0567600",0,0,0,0
"Os05g0569300",0,0,0,0
"Os05g0569400",0,0,0,0
"Os05g0569450",0,0,0,0
"Os05g0571600",0,0,0,0
"Os05g0572700",0,0,0,0
"Os05g0572800",0,0,0,0
"Os05g0576300",0,0,0,0
"Os05g0578100",0,0,0,0
"Os05g0579600",0,0,0,0
"Os05g0580000",0,0,0,0
"Os05g0582300",0,0,0,0
"Os05g0584300",0,0,0,0
"Os05g0585450",0,0,0,0
"Os05g0586600",0,0,0,0
"Os05g0588100",0,0,0,0
"Os05g0588225",0,0,0,0
"Os05g0590300",0,0,0,0
"Os05g0593550",0,0,0,0
"Os05g0593900",0,0,0,0
"Os05g0595200",0,0,0,0
"Os06g0102100",0,0,0,0
"Os06g0102200",0,0,0,0
"Os06g0102800",0,0,0,0
"Os06g0104300",0,0,0,0
"Os06g0105300",0,0,0,0
"Os06g0106800",0,0,0,0
"Os06g0108500",0,0,0,0
"Os06g0109100",0,0,0,0
"Os06g0109200",0,0,0,0
"Os06g0113150",0,0,0,0
"Os06g0113950",0,0,0,0
"Os06g0114400",0,0,0,0
"Os06g0117101",0,0,0,0
"Os06g0117500",0,0,0,0
"Os06g0118075",0,0,0,0
"Os06g0118800",0,0,0,0
"Os06g0119200",0,0,0,0
"Os06g0120200",0,0,0,0
"Os06g0125500",0,0,0,0
"Os06g0128100",0,0,0,0
"Os06g0129600",0,0,0,0
"Os06g0129900",0,0,0,0
"Os06g0131350",0,0,0,0
"Os06g0133000",0,0,0,0
"Os06g0133200",0,0,0,0
"Os06g0133600",0,0,0,0
"Os06g0134750",0,0,0,0
"Os06g0142200",0,0,0,0
"Os06g0142300",0,0,0,0
"Os06g0142500",0,0,0,0
"Os06g0142650",0,0,0,0
"Os06g0142700",0,0,0,0
"Os06g0146250",0,0,0,0
"Os06g0148200",0,0,0,0
"Os06g0148250",0,0,0,0
"Os06g0148700",0,0,0,0
"Os06g0149200",0,0,0,0
"Os06g0151700",0,0,0,0
"Os06g0151800",0,0,0,0
"Os06g0153000",0,0,0,0
"Os06g0153200",0,0,0,0
"Os06g0154300",0,0,0,0
"Os06g0156600",0,0,0,0
"Os06g0156650",0,0,0,0
"Os06g0157700",0,0,0,0
"Os06g0158800",0,0,0,0
"Os06g0166050",0,0,0,0
"Os06g0166500",0,0,0,0
"Os06g0174800",0,0,0,0
"Os06g0175800",0,0,0,0
"Os06g0178500",0,0,0,0
"Os06g0178550",0,0,0,0
"Os06g0178900",0,0,0,0
"Os06g0179000",0,0,0,0
"Os06g0183600",0,0,0,0
"Os06g0187700",0,0,0,0
"Os06g0192800",0,0,0,0
"Os06g0206401",0,0,0,0
"Os06g0206900",0,0,0,0
"Os06g0207500",0,0,0,0
"Os06g0210000",0,0,0,0
"Os06g0211200",0,0,0,0
"Os06g0215900",0,0,0,0
"Os06g0216300",0,0,0,0
"Os06g0216350",0,0,0,0
"Os06g0217700",0,0,0,0
"Os06g0218000",0,0,0,0
"Os06g0220000",0,0,0,0
"Os06g0220100",0,0,0,0
"Os06g0220500",0,0,0,0
"Os06g0222400",0,0,0,0
"Os06g0223700",0,0,0,0
"Os06g0224775",0,0,0,0
"Os06g0226500",0,0,0,0
"Os06g0227300",0,0,0,0
"Os06g0228500",0,0,0,0
"Os06g0230000",0,0,0,0
"Os06g0230100",0,0,0,0
"Os06g0230201",0,0,0,0
"Os06g0230301",0,0,0,0
"Os06g0234150",0,0,0,0
"Os06g0235300",0,0,0,0
"Os06g0242700",0,0,0,0
"Os06g0246000",0,0,0,0
"Os06g0246500",0,0,0,0
"Os06g0254600",0,0,0,0
"Os06g0254700",0,0,0,0
"Os06g0258000",0,0,0,0
"Os06g0266800",0,0,0,0
"Os06g0267400",0,0,0,0
"Os06g0267450",0,0,0,0
"Os06g0268050",0,0,0,0
"Os06g0268600",0,0,0,0
"Os06g0274300",0,0,0,0
"Os06g0274550",0,0,0,0
"Os06g0274600",0,0,0,0
"Os06g0275000",0,0,0,0
"Os06g0285900",0,0,0,0
"Os06g0285920",0,0,0,0
"Os06g0286146",0,0,0,0
"Os06g0287500",0,0,0,0
"Os06g0288100",0,0,0,0
"Os06g0289900",0,0,0,0
"Os06g0291100",0,0,0,0
"Os06g0294100",0,0,0,0
"Os06g0298200",0,0,0,0
"Os06g0301300",0,0,0,0
"Os06g0308300",0,0,0,0
"Os06g0308550",0,0,0,0
"Os06g0313440",0,0,0,0
"Os06g0314300",0,0,0,0
"Os06g0316800",0,0,0,0
"Os06g0318500",0,0,0,0
"Os06g0318800",0,0,0,0
"Os06g0319133",0,0,0,0
"Os06g0319366",0,0,0,0
"Os06g0320900",0,0,0,0
"Os06g0326400",0,0,0,0
"Os06g0335900",0,0,0,0
"Os06g0335975",0,0,0,0
"Os06g0341400",0,0,0,0
"Os06g0341500",0,0,0,0
"Os06g0347100",0,0,0,0
"Os06g0351500",0,0,0,0
"Os06g0355800",0,0,0,0
"Os06g0356800",0,0,0,0
"Os06g0470350",0,0,0,0
"Os06g0473800",0,0,0,0
"Os06g0474866",0,0,0,0
"Os06g0486800",0,0,0,0
"Os06g0486900",0,0,0,0
"Os06g0492900",0,0,0,0
"Os06g0493001",0,0,0,0
"Os06g0493600",0,0,0,0
"Os06g0493700",0,0,0,0
"Os06g0494250",0,0,0,0
"Os06g0494400",0,0,0,0
"Os06g0495100",0,0,0,0
"Os06g0498800",0,0,0,0
"Os06g0505202",0,0,0,0
"Os06g0505302",0,0,0,0
"Os06g0505700",0,0,0,0
"Os06g0514700",0,0,0,0
"Os06g0517500",0,0,0,0
"Os06g0517700",0,0,0,0
"Os06g0528350",0,0,0,0
"Os06g0529900",0,0,0,0
"Os06g0531600",0,0,0,0
"Os06g0531900",0,0,0,0
"Os06g0532101",0,0,0,0
"Os06g0542200",0,0,0,0
"Os06g0552900",0,0,0,0
"Os06g0553001",0,0,0,0
"Os06g0553100",0,0,0,0
"Os06g0555101",0,0,0,0
"Os06g0558766",0,0,0,0
"Os06g0559900",0,0,0,0
"Os06g0561000",0,0,0,0
"Os06g0561050",0,0,0,0
"Os06g0561800",0,0,0,0
"Os06g0562300",0,0,0,0
"Os06g0562700",0,0,0,0
"Os06g0566300",0,0,0,0
"Os06g0567900",0,0,0,0
"Os06g0567950",0,0,0,0
"Os06g0574450",0,0,0,0
"Os06g0574900",0,0,0,0
"Os06g0584400",0,0,0,0
"Os06g0590800",0,0,0,0
"Os06g0591200",0,0,0,0
"Os06g0591400",0,0,0,0
"Os06g0594300",0,0,0,0
"Os06g0594400",0,0,0,0
"Os06g0595433",0,0,0,0
"Os06g0600350",0,0,0,0
"Os06g0600400",0,0,0,0
"Os06g0601600",0,0,0,0
"Os06g0605900",0,0,0,0
"Os06g0611200",0,0,0,0
"Os06g0612800",0,0,0,0
"Os06g0612951",0,0,0,0
"Os06g0618050",0,0,0,0
"Os06g0621550",0,0,0,0
"Os06g0627001",0,0,0,0
"Os06g0627100",0,0,0,0
"Os06g0638500",0,0,0,0
"Os06g0640599",0,0,0,0
"Os06g0640800",0,0,0,0
"Os06g0640933",0,0,0,0
"Os06g0645901",0,0,0,0
"Os06g0651000",0,0,0,0
"Os06g0651200",0,0,0,0
"Os06g0664100",0,0,0,0
"Os06g0666800",0,0,0,0
"Os06g0668200",0,0,0,0
"Os06g0668250",0,0,0,0
"Os06g0671000",0,0,0,0
"Os06g0671075",0,0,0,0
"Os06g0673800",0,0,0,0
"Os06g0679850",0,0,0,0
"Os06g0681200",0,0,0,0
"Os06g0681600",0,0,0,0
"Os06g0682900",0,0,0,0
"Os06g0683400",0,0,0,0
"Os06g0686400",0,0,0,0
"Os06g0693100",0,0,0,0
"Os06g0694200",0,0,0,0
"Os06g0694300",0,0,0,0
"Os06g0694400",0,0,0,0
"Os06g0697000",0,0,0,0
"Os06g0698200",0,0,0,0
"Os06g0698822",0,0,0,0
"Os06g0699050",0,0,0,0
"Os06g0699100",0,0,0,0
"Os06g0699301",0,0,0,0
"Os06g0703300",0,0,0,0
"Os06g0705500",0,0,0,0
"Os06g0709000",0,0,0,0
"Os06g0711700",0,0,0,0
"Os06g0713000",0,0,0,0
"Os06g0713800",0,0,0,0
"Os06g0714800",0,0,0,0
"Os06g0716100",0,0,0,0
"Os06g0717200",0,0,0,0
"Os06g0720400",0,0,0,0
"Os06g0720700",0,0,0,0
"Os06g0720900",0,0,0,0
"Os06g0722201",0,0,0,0
"Os06g0725350",0,0,0,0
"Os06g0728550",0,0,0,0
"Os06g0728902",0,0,0,0
"Os06g0731000",0,0,0,0
"Os06g0731600",0,0,0,0
"Os07g0106200",0,0,0,0
"Os07g0108350",0,0,0,0
"Os07g0108800",0,0,0,0
"Os07g0108900",0,0,0,0
"Os07g0111900",0,0,0,0
"Os07g0112100",0,0,0,0
"Os07g0115600",0,0,0,0
"Os07g0117300",0,0,0,0
"Os07g0119000",0,0,0,0
"Os07g0124300",0,0,0,0
"Os07g0130200",0,0,0,0
"Os07g0133500",0,0,0,0
"Os07g0134200",0,0,0,0
"Os07g0136866",0,0,0,0
"Os07g0142100",0,0,0,0
"Os07g0145250",0,0,0,0
"Os07g0148800",0,0,0,0
"Os07g0152101",0,0,0,0
"Os07g0153150",0,0,0,0
"Os07g0154201",0,0,0,0
"Os07g0160100",0,0,0,0
"Os07g0162700",0,0,0,0
"Os07g0164800",0,0,0,0
"Os07g0173300",0,0,0,0
"Os07g0178700",0,0,0,0
"Os07g0178800",0,0,0,0
"Os07g0181750",0,0,0,0
"Os07g0187400",0,0,0,0
"Os07g0188700",0,0,0,0
"Os07g0188750",0,0,0,0
"Os07g0190000",0,0,0,0
"Os07g0190600",0,0,0,0
"Os07g0191650",0,0,0,0
"Os07g0193701",0,0,0,0
"Os07g0194351",0,0,0,0
"Os07g0196300",0,0,0,0
"Os07g0198300",0,0,0,0
"Os07g0199000",0,0,0,0
"Os07g0203275",0,0,0,0
"Os07g0208533",0,0,0,0
"Os07g0208900",0,0,0,0
"Os07g0209201",0,0,0,0
"Os07g0211101",0,0,0,0
"Os07g0217600",0,0,0,0
"Os07g0225300",0,0,0,0
"Os07g0231800",0,0,0,0
"Os07g0232850",0,0,0,0
"Os07g0232900",0,0,0,0
"Os07g0233000",0,0,0,0
"Os07g0235200",0,0,0,0
"Os07g0243200",0,0,0,0
"Os07g0245200",0,0,0,0
"Os07g0248900",0,0,0,0
"Os07g0260000",0,0,0,0
"Os07g0271500",0,0,0,0
"Os07g0283050",0,0,0,0
"Os07g0283125",0,0,0,0
"Os07g0287000",0,0,0,0
"Os07g0293000",0,0,0,0
"Os07g0413800",0,0,0,0
"Os07g0416900",0,0,0,0
"Os07g0417200",0,0,0,0
"Os07g0418600",0,0,0,0
"Os07g0418700",0,0,0,0
"Os07g0421866",0,0,0,0
"Os07g0421932",0,0,0,0
"Os07g0429700",0,0,0,0
"Os07g0440700",0,0,0,0
"Os07g0443500",0,0,0,0
"Os07g0445800",0,0,0,0
"Os07g0448100",0,0,0,0
"Os07g0448150",0,0,0,0
"Os07g0460900",0,0,0,0
"Os07g0469600",0,0,0,0
"Os07g0479350",0,0,0,0
"Os07g0480900",0,0,0,0
"Os07g0481100",0,0,0,0
"Os07g0481300",0,0,0,0
"Os07g0482887",0,0,0,0
"Os07g0482900",0,0,0,0
"Os07g0484500",0,0,0,0
"Os07g0484800",0,0,0,0
"Os07g0489200",0,0,0,0
"Os07g0489800",0,0,0,0
"Os07g0498400",0,0,0,0
"Os07g0501800",0,0,0,0
"Os07g0503900",0,0,0,0
"Os07g0505300",0,0,0,0
"Os07g0508101",0,0,0,0
"Os07g0509800",0,0,0,0
"Os07g0510500",0,0,0,0
"Os07g0512100",0,0,0,0
"Os07g0512150",0,0,0,0
"Os07g0516801",0,0,0,0
"Os07g0519300",0,0,0,0
"Os07g0523965",0,0,0,0
"Os07g0525100",0,0,0,0
"Os07g0526700",0,0,0,0
"Os07g0527750",0,0,0,0
"Os07g0529000",0,0,0,0
"Os07g0532500",0,0,0,0
"Os07g0534700",0,0,0,0
"Os07g0535800",0,0,0,0
"Os07g0536966",0,0,0,0
"Os07g0538250",0,0,0,0
"Os07g0538400",0,0,0,0
"Os07g0538700",0,0,0,0
"Os07g0539300",0,0,0,0
"Os07g0539350",0,0,0,0
"Os07g0541900",0,0,0,0
"Os07g0542067",0,0,0,0
"Os07g0542400",0,0,0,0
"Os07g0542600",0,0,0,0
"Os07g0546501",0,0,0,0
"Os07g0549600",0,0,0,0
"Os07g0558100",0,0,0,0
"Os07g0559100",0,0,0,0
"Os07g0559700",0,0,0,0
"Os07g0561300",0,0,0,0
"Os07g0564150",0,0,0,0
"Os07g0564750",0,0,0,0
"Os07g0565400",0,0,0,0
"Os07g0567050",0,0,0,0
"Os07g0567400",0,0,0,0
"Os07g0568700",0,0,0,0
"Os07g0571200",0,0,0,0
"Os07g0571600",0,0,0,0
"Os07g0577350",0,0,0,0
"Os07g0586200",0,0,0,0
"Os07g0591100",0,0,0,0
"Os07g0597200",0,0,0,0
"Os07g0599150",0,0,0,0
"Os07g0600300",0,0,0,0
"Os07g0600700",0,0,0,0
"Os07g0604300",0,0,0,0
"Os07g0605400",0,0,0,0
"Os07g0613000",0,0,0,0
"Os07g0613600",0,0,0,0
"Os07g0613800",0,0,0,0
"Os07g0613833",0,0,0,0
"Os07g0617100",0,0,0,0
"Os07g0618400",0,0,0,0
"Os07g0618450",0,0,0,0
"Os07g0618700",0,0,0,0
"Os07g0619400",0,0,0,0
"Os07g0619600",0,0,0,0
"Os07g0621100",0,0,0,0
"Os07g0628900",0,0,0,0
"Os07g0631200",0,0,0,0
"Os07g0634600",0,0,0,0
"Os07g0637050",0,0,0,0
"Os07g0638000",0,0,0,0
"Os07g0640900",0,0,0,0
"Os07g0642800",0,0,0,0
"Os07g0645000",0,0,0,0
"Os07g0645050",0,0,0,0
"Os07g0645300",0,0,0,0
"Os07g0648266",0,0,0,0
"Os07g0652900",0,0,0,0
"Os07g0659300",0,0,0,0
"Os07g0661550",0,0,0,0
"Os07g0665200",0,0,0,0
"Os07g0669000",0,0,0,0
"Os07g0669750",0,0,0,0
"Os07g0671000",0,0,0,0
"Os07g0671301",0,0,0,0
"Os07g0671400",0,0,0,0
"Os07g0671450",0,0,0,0
"Os07g0674400",0,0,0,0
"Os07g0679050",0,0,0,0
"Os07g0679400",0,0,0,0
"Os07g0680150",0,0,0,0
"Os07g0681300",0,0,0,0
"Os07g0681350",0,0,0,0
"Os07g0683200",0,0,0,0
"Os07g0683600",0,0,0,0
"Os07g0683900",0,0,0,0
"Os07g0686300",0,0,0,0
"Os07g0687000",0,0,0,0
"Os07g0687100",0,0,0,0
"Os07g0687400",0,0,0,0
"Os07g0687900",0,0,0,0
"Os07g0688700",0,0,0,0
"Os07g0689800",0,0,0,0
"Os07g0690900",0,0,0,0
"Os07g0691700",0,0,0,0
"Os08g0102250",0,0,0,0
"Os08g0102700",0,0,0,0
"Os08g0103500",0,0,0,0
"Os08g0103900",0,0,0,0
"Os08g0104400",0,0,0,0
"Os08g0110650",0,0,0,0
"Os08g0111200",0,0,0,0
"Os08g0112700",0,0,0,0
"Os08g0112950",0,0,0,0
"Os08g0116750",0,0,0,0
"Os08g0121500",0,0,0,0
"Os08g0127800",0,0,0,0
"Os08g0131300",0,0,0,0
"Os08g0135400",0,0,0,0
"Os08g0140500",0,0,0,0
"Os08g0146001",0,0,0,0
"Os08g0148267",0,0,0,0
"Os08g0152366",0,0,0,0
"Os08g0153225",0,0,0,0
"Os08g0157400",0,0,0,0
"Os08g0160500",0,0,0,0
"Os08g0160600",0,0,0,0
"Os08g0162800",0,0,0,0
"Os08g0163600",0,0,0,0
"Os08g0167800",0,0,0,0
"Os08g0171800",0,0,0,0
"Os08g0174300",0,0,0,0
"Os08g0174500",0,0,0,0
"Os08g0174725",0,0,0,0
"Os08g0175600",0,0,0,0
"Os08g0175700",0,0,0,0
"Os08g0179000",0,0,0,0
"Os08g0179100",0,0,0,0
"Os08g0179150",0,0,0,0
"Os08g0190250",0,0,0,0
"Os08g0190300",0,0,0,0
"Os08g0191433",0,0,0,0
"Os08g0202400",0,0,0,0
"Os08g0203150",0,0,0,0
"Os08g0203201",0,0,0,0
"Os08g0203750",0,0,0,0
"Os08g0207401",0,0,0,0
"Os08g0207500",0,0,0,0
"Os08g0208200",0,0,0,0
"Os08g0209000",0,0,0,0
"Os08g0215200",0,0,0,0
"Os08g0223700",0,0,0,0
"Os08g0224500",0,0,0,0
"Os08g0231400",0,0,0,0
"Os08g0247600",0,0,0,0
"Os08g0248400",0,0,0,0
"Os08g0249000",0,0,0,0
"Os08g0249675",0,0,0,0
"Os08g0256000",0,0,0,0
"Os08g0261100",0,0,0,0
"Os08g0263100",0,0,0,0
"Os08g0275200",0,0,0,0
"Os08g0277200",0,0,0,0
"Os08g0280100",0,0,0,0
"Os08g0280125",0,0,0,0
"Os08g0290700",0,0,0,0
"Os08g0300300",0,0,0,0
"Os08g0321000",0,0,0,0
"Os08g0325267",0,0,0,0
"Os08g0337001",0,0,0,0
"Os08g0351300",0,0,0,0
"Os08g0356700",0,0,0,0
"Os08g0364900",0,0,0,0
"Os08g0365800",0,0,0,0
"Os08g0374000",0,0,0,0
"Os08g0383250",0,0,0,0
"Os08g0385000",0,0,0,0
"Os08g0386200",0,0,0,0
"Os08g0387050",0,0,0,0
"Os08g0397250",0,0,0,0
"Os08g0400000",0,0,0,0
"Os08g0403300",0,0,0,0
"Os08g0404000",0,0,0,0
"Os08g0406150",0,0,0,0
"Os08g0410350",0,0,0,0
"Os08g0411300",0,0,0,0
"Os08g0414700",0,0,0,0
"Os08g0415600",0,0,0,0
"Os08g0417000",0,0,0,0
"Os08g0419600",0,0,0,0
"Os08g0421300",0,0,0,0
"Os08g0425800",0,0,0,0
"Os08g0430050",0,0,0,0
"Os08g0430300",0,0,0,0
"Os08g0438600",0,0,0,0
"Os08g0441900",0,0,0,0
"Os08g0442900",0,0,0,0
"Os08g0444440",0,0,0,0
"Os08g0446200",0,0,0,0
"Os08g0446750",0,0,0,0
"Os08g0446800",0,0,0,0
"Os08g0447900",0,0,0,0
"Os08g0450700",0,0,0,0
"Os08g0452900",0,0,0,0
"Os08g0464950",0,0,0,0
"Os08g0465000",0,0,0,0
"Os08g0465700",0,0,0,0
"Os08g0467500",0,0,0,0
"Os08g0468700",0,0,0,0
"Os08g0468901",0,0,0,0
"Os08g0470000",0,0,0,0
"Os08g0470200",0,0,0,0
"Os08g0470700",0,0,0,0
"Os08g0473800",0,0,0,0
"Os08g0473900",0,0,0,0
"Os08g0474800",0,0,0,0
"Os08g0475100",0,0,0,0
"Os08g0476300",0,0,0,0
"Os08g0480000",0,0,0,0
"Os08g0480400",0,0,0,0
"Os08g0481200",0,0,0,0
"Os08g0482300",0,0,0,0
"Os08g0482700",0,0,0,0
"Os08g0483100",0,0,0,0
"Os08g0486933",0,0,0,0
"Os08g0491000",0,0,0,0
"Os08g0494350",0,0,0,0
"Os08g0498400",0,0,0,0
"Os08g0500400",0,0,0,0
"Os08g0505900",0,0,0,0
"Os08g0509100",0,0,0,0
"Os08g0509400",0,0,0,0
"Os08g0512100",0,0,0,0
"Os08g0517750",0,0,0,0
"Os08g0518800",0,0,0,0
"Os08g0520550",0,0,0,0
"Os08g0521200",0,0,0,0
"Os08g0524800",0,0,0,0
"Os08g0524900",0,0,0,0
"Os08g0525050",0,0,0,0
"Os08g0526633",0,0,0,0
"Os08g0527100",0,0,0,0
"Os08g0529000",0,0,0,0
"Os08g0529100",0,0,0,0
"Os08g0530300",0,0,0,0
"Os08g0535200",0,0,0,0
"Os08g0536350",0,0,0,0
"Os08g0539700",0,0,0,0
"Os08g0540000",0,0,0,0
"Os08g0542700",0,0,0,0
"Os08g0542800",0,0,0,0
"Os08g0544250",0,0,0,0
"Os08g0546600",0,0,0,0
"Os08g0547300",0,0,0,0
"Os08g0547350",0,0,0,0
"Os08g0547500",0,0,0,0
"Os08g0547550",0,0,0,0
"Os08g0552666",0,0,0,0
"Os08g0554501",0,0,0,0
"Os08g0556400",0,0,0,0
"Os08g0556450",0,0,0,0
"Os08g0556500",0,0,0,0
"Os08g0556900",0,0,0,0
"Os08g0557800",0,0,0,0
"Os08g0557850",0,0,0,0
"Os08g0561500",0,0,0,0
"Os08g0564400",0,0,0,0
"Os09g0109600",0,0,0,0
"Os09g0110300",0,0,0,0
"Os09g0114700",0,0,0,0
"Os09g0121000",0,0,0,0
"Os09g0133650",0,0,0,0
"Os09g0239450",0,0,0,0
"Os09g0240200",0,0,0,0
"Os09g0240350",0,0,0,0
"Os09g0248100",0,0,0,0
"Os09g0261900",0,0,0,0
"Os09g0266100",0,0,0,0
"Os09g0268000",0,0,0,0
"Os09g0272600",0,0,0,0
"Os09g0277800",0,0,0,0
"Os09g0283600",0,0,0,0
"Os09g0286600",0,0,0,0
"Os09g0294000",0,0,0,0
"Os09g0298200",0,0,0,0
"Os09g0298266",0,0,0,0
"Os09g0306500",0,0,0,0
"Os09g0314200",0,0,0,0
"Os09g0320400",0,0,0,0
"Os09g0328332",0,0,0,0
"Os09g0328951",0,0,0,0
"Os09g0332100",0,0,0,0
"Os09g0349650",0,0,0,0
"Os09g0349675",0,0,0,0
"Os09g0353200",0,0,0,0
"Os09g0356200",0,0,0,0
"Os09g0376000",0,0,0,0
"Os09g0378700",0,0,0,0
"Os09g0382200",0,0,0,0
"Os09g0401900",0,0,0,0
"Os09g0407650",0,0,0,0
"Os09g0412400",0,0,0,0
"Os09g0414300",0,0,0,0
"Os09g0417800",0,0,0,0
"Os09g0418000",0,0,0,0
"Os09g0418375",0,0,0,0
"Os09g0418500",0,0,0,0
"Os09g0420800",0,0,0,0
"Os09g0421300",0,0,0,0
"Os09g0425200",0,0,0,0
"Os09g0425400",0,0,0,0
"Os09g0426000",0,0,0,0
"Os09g0426050",0,0,0,0
"Os09g0426100",0,0,0,0
"Os09g0426500",0,0,0,0
"Os09g0426600",0,0,0,0
"Os09g0434500",0,0,0,0
"Os09g0436800",0,0,0,0
"Os09g0437500",0,0,0,0
"Os09g0438000",0,0,0,0
"Os09g0439200",0,0,0,0
"Os09g0441000",0,0,0,0
"Os09g0442700",0,0,0,0
"Os09g0445600",0,0,0,0
"Os09g0448200",0,0,0,0
"Os09g0449400",0,0,0,0
"Os09g0450300",0,0,0,0
"Os09g0451000",0,0,0,0
"Os09g0451133",0,0,0,0
"Os09g0451400",0,0,0,0
"Os09g0455000",0,0,0,0
"Os09g0455300",0,0,0,0
"Os09g0455500",0,0,0,0
"Os09g0455900",0,0,0,0
"Os09g0456850",0,0,0,0
"Os09g0460100",0,0,0,0
"Os09g0460700",0,0,0,0
"Os09g0461500",0,0,0,0
"Os09g0462700",0,0,0,0
"Os09g0463100",0,0,0,0
"Os09g0463166",0,0,0,0
"Os09g0469950",0,0,0,0
"Os09g0472700",0,0,0,0
"Os09g0473350",0,0,0,0
"Os09g0473800",0,0,0,0
"Os09g0480300",0,0,0,0
"Os09g0482400",0,0,0,0
"Os09g0482640",0,0,0,0
"Os09g0482681",0,0,0,0
"Os09g0484800",0,0,0,0
"Os09g0488600",0,0,0,0
"Os09g0491652",0,0,0,0
"Os09g0491660",0,0,0,0
"Os09g0491822",0,0,0,0
"Os09g0492733",0,0,0,0
"Os09g0498200",0,0,0,0
"Os09g0500900",0,0,0,0
"Os09g0500966",0,0,0,0
"Os09g0501650",0,0,0,0
"Os09g0502950",0,0,0,0
"Os09g0508500",0,0,0,0
"Os09g0513500",0,0,0,0
"Os09g0517600",0,0,0,0
"Os09g0522100",0,0,0,0
"Os09g0522200",0,0,0,0
"Os09g0524001",0,0,0,0
"Os09g0528500",0,0,0,0
"Os09g0528700",0,0,0,0
"Os09g0529300",0,0,0,0
"Os09g0530500",0,0,0,0
"Os09g0533900",0,0,0,0
"Os09g0536200",0,0,0,0
"Os09g0536700",0,0,0,0
"Os09g0537000",0,0,0,0
"Os09g0538000",0,0,0,0
"Os09g0538400",0,0,0,0
"Os09g0541700",0,0,0,0
"Os09g0544400",0,0,0,0
"Os09g0549300",0,0,0,0
"Os09g0553100",0,0,0,0
"Os09g0553900",0,0,0,0
"Os09g0555500",0,0,0,0
"Os09g0555550",0,0,0,0
"Os09g0556700",0,0,0,0
"Os09g0556750",0,0,0,0
"Os09g0565300",0,0,0,0
"Os09g0565350",0,0,0,0
"Os09g0565450",0,0,0,0
"Os09g0567201",0,0,0,0
"Os09g0572700",0,0,0,0
"Os10g0100700",0,0,0,0
"Os10g0102900",0,0,0,0
"Os10g0110800",0,0,0,0
"Os10g0111350",0,0,0,0
"Os10g0116900",0,0,0,0
"Os10g0118100",0,0,0,0
"Os10g0118200",0,0,0,0
"Os10g0122000",0,0,0,0
"Os10g0130900",0,0,0,0
"Os10g0136400",0,0,0,0
"Os10g0138100",0,0,0,0
"Os10g0138150",0,0,0,0
"Os10g0140300",0,0,0,0
"Os10g0140700",0,0,0,0
"Os10g0142700",0,0,0,0
"Os10g0147200",0,0,0,0
"Os10g0154566",0,0,0,0
"Os10g0155500",0,0,0,0
"Os10g0158700",0,0,0,0
"Os10g0159800",0,0,0,0
"Os10g0163310",0,0,0,0
"Os10g0166600",0,0,0,0
"Os10g0167250",0,0,0,0
"Os10g0173000",0,0,0,0
"Os10g0180800",0,0,0,0
"Os10g0184250",0,0,0,0
"Os10g0187454",0,0,0,0
"Os10g0195175",0,0,0,0
"Os10g0195250",0,0,0,0
"Os10g0196400",0,0,0,0
"Os10g0205700",0,0,0,0
"Os10g0320100",0,0,0,0
"Os10g0323500",0,0,0,0
"Os10g0328600",0,0,0,0
"Os10g0328700",0,0,0,0
"Os10g0331500",0,0,0,0
"Os10g0331600",0,0,0,0
"Os10g0331866",0,0,0,0
"Os10g0332000",0,0,0,0
"Os10g0338858",0,0,0,0
"Os10g0339650",0,0,0,0
"Os10g0341101",0,0,0,0
"Os10g0341401",0,0,0,0
"Os10g0345701",0,0,0,0
"Os10g0361876",0,0,0,0
"Os10g0363650",0,0,0,0
"Os10g0364900",0,0,0,0
"Os10g0370100",0,0,0,0
"Os10g0370200",0,0,0,0
"Os10g0371000",0,0,0,0
"Os10g0372500",0,0,0,0
"Os10g0375501",0,0,0,0
"Os10g0389100",0,0,0,0
"Os10g0389150",0,0,0,0
"Os10g0389200",0,0,0,0
"Os10g0390701",0,0,0,0
"Os10g0390900",0,0,0,0
"Os10g0392400",0,0,0,0
"Os10g0395000",0,0,0,0
"Os10g0396666",0,0,0,0
"Os10g0400250",0,0,0,0
"Os10g0401000",0,0,0,0
"Os10g0403000",0,0,0,0
"Os10g0403200",0,0,0,0
"Os10g0404900",0,0,0,0
"Os10g0405500",0,0,0,0
"Os10g0407000",0,0,0,0
"Os10g0407450",0,0,0,0
"Os10g0412050",0,0,0,0
"Os10g0416500",0,0,0,0
"Os10g0416800",0,0,0,0
"Os10g0422075",0,0,0,0
"Os10g0426300",0,0,0,0
"Os10g0426450",0,0,0,0
"Os10g0434300",0,0,0,0
"Os10g0439986",0,0,0,0
"Os10g0440500",0,0,0,0
"Os10g0442466",0,0,0,0
"Os10g0450800",0,0,0,0
"Os10g0456000",0,0,0,0
"Os10g0463400",0,0,0,0
"Os10g0463800",0,0,0,0
"Os10g0464800",0,0,0,0
"Os10g0470100",0,0,0,0
"Os10g0471000",0,0,0,0
"Os10g0472900",0,0,0,0
"Os10g0474800",0,0,0,0
"Os10g0479200",0,0,0,0
"Os10g0479700",0,0,0,0
"Os10g0492101",0,0,0,0
"Os10g0492900",0,0,0,0
"Os10g0497200",0,0,0,0
"Os10g0503300",0,0,0,0
"Os10g0503600",0,0,0,0
"Os10g0504600",0,0,0,0
"Os10g0505700",0,0,0,0
"Os10g0505900",0,0,0,0
"Os10g0506100",0,0,0,0
"Os10g0508700",0,0,0,0
"Os10g0510000",0,0,0,0
"Os10g0510050",0,0,0,0
"Os10g0511800",0,0,0,0
"Os10g0512400",0,0,0,0
"Os10g0512800",0,0,0,0
"Os10g0515400",0,0,0,0
"Os10g0516500",0,0,0,0
"Os10g0517050",0,0,0,0
"Os10g0517500",0,0,0,0
"Os10g0519300",0,0,0,0
"Os10g0519400",0,0,0,0
"Os10g0519500",0,0,0,0
"Os10g0521000",0,0,0,0
"Os10g0521500",0,0,0,0
"Os10g0521550",0,0,0,0
"Os10g0521900",0,0,0,0
"Os10g0522200",0,0,0,0
"Os10g0522700",0,0,0,0
"Os10g0524600",0,0,0,0
"Os10g0525000",0,0,0,0
"Os10g0528150",0,0,0,0
"Os10g0528300",0,0,0,0
"Os10g0528400",0,0,0,0
"Os10g0528651",0,0,0,0
"Os10g0529700",0,0,0,0
"Os10g0531300",0,0,0,0
"Os10g0532100",0,0,0,0
"Os10g0533500",0,0,0,0
"Os10g0535600",0,0,0,0
"Os10g0536150",0,0,0,0
"Os10g0536500",0,0,0,0
"Os10g0536700",0,0,0,0
"Os10g0536900",0,0,0,0
"Os10g0537450",0,0,0,0
"Os10g0539600",0,0,0,0
"Os10g0540300",0,0,0,0
"Os10g0542100",0,0,0,0
"Os10g0542750",0,0,0,0
"Os10g0544200",0,0,0,0
"Os10g0544600",0,0,0,0
"Os10g0544950",0,0,0,0
"Os10g0545500",0,0,0,0
"Os10g0546400",0,0,0,0
"Os10g0547500",0,0,0,0
"Os10g0547650",0,0,0,0
"Os10g0548100",0,0,0,0
"Os10g0550066",0,0,0,0
"Os10g0551200",0,0,0,0
"Os10g0554200",0,0,0,0
"Os10g0555900",0,0,0,0
"Os10g0556000",0,0,0,0
"Os10g0558650",0,0,0,0
"Os10g0558725",0,0,0,0
"Os10g0559050",0,0,0,0
"Os10g0559700",0,0,0,0
"Os10g0560000",0,0,0,0
"Os10g0560700",0,0,0,0
"Os10g0561800",0,0,0,0
"Os10g0564450",0,0,0,0
"Os10g0565401",0,0,0,0
"Os10g0566400",0,0,0,0
"Os10g0569400",0,0,0,0
"Os10g0569600",0,0,0,0
"Os10g0569800",0,0,0,0
"Os10g0570800",0,0,0,0
"Os10g0571600",0,0,0,0
"Os10g0572500",0,0,0,0
"Os10g0576600",0,0,0,0
"Os10g0579800",0,0,0,0
"Os10g0579850",0,0,0,0
"Os11g0102200",0,0,0,0
"Os11g0102301",0,0,0,0
"Os11g0104833",0,0,0,0
"Os11g0106400",0,0,0,0
"Os11g0106550",0,0,0,0
"Os11g0115350",0,0,0,0
"Os11g0115375",0,0,0,0
"Os11g0115400",0,0,0,0
"Os11g0116000",0,0,0,0
"Os11g0117600",0,0,0,0
"Os11g0121500",0,0,0,0
"Os11g0124500",0,0,0,0
"Os11g0143300",0,0,0,0
"Os11g0143400",0,0,0,0
"Os11g0147150",0,0,0,0
"Os11g0149100",0,0,0,0
"Os11g0149400",0,0,0,0
"Os11g0153500",0,0,0,0
"Os11g0154900",0,0,0,0
"Os11g0155425",0,0,0,0
"Os11g0155500",0,0,0,0
"Os11g0156401",0,0,0,0
"Os11g0157200",0,0,0,0
"Os11g0158832",0,0,0,0
"Os11g0175700",0,0,0,0
"Os11g0177400",0,0,0,0
"Os11g0182200",0,0,0,0
"Os11g0197433",0,0,0,0
"Os11g0200000",0,0,0,0
"Os11g0200950",0,0,0,0
"Os11g0201000",0,0,0,0
"Os11g0201124",0,0,0,0
"Os11g0203400",0,0,0,0
"Os11g0208900",0,0,0,0
"Os11g0210600",0,0,0,0
"Os11g0213500",0,0,0,0
"Os11g0214400",0,0,0,0
"Os11g0214900",0,0,0,0
"Os11g0236200",0,0,0,0
"Os11g0236932",0,0,0,0
"Os11g0251400",0,0,0,0
"Os11g0261600",0,0,0,0
"Os11g0274700",0,0,0,0
"Os11g0275200",0,0,0,0
"Os11g0275500",0,0,0,0
"Os11g0282900",0,0,0,0
"Os11g0302800",0,0,0,0
"Os11g0308800",0,0,0,0
"Os11g0417400",0,0,0,0
"Os11g0421800",0,0,0,0
"Os11g0427700",0,0,0,0
"Os11g0437600",0,0,0,0
"Os11g0439600",0,0,0,0
"Os11g0440200",0,0,0,0
"Os11g0442380",0,0,0,0
"Os11g0442500",0,0,0,0
"Os11g0443700",0,0,0,0
"Os11g0444000",0,0,0,0
"Os11g0453900",0,0,0,0
"Os11g0454000",0,0,0,0
"Os11g0454200",0,0,0,0
"Os11g0454300",0,0,0,0
"Os11g0462950",0,0,0,0
"Os11g0463700",0,0,0,0
"Os11g0466300",0,0,0,0
"Os11g0473200",0,0,0,0
"Os11g0477400",0,0,0,0
"Os11g0483975",0,0,0,0
"Os11g0488900",0,0,0,0
"Os11g0490200",0,0,0,0
"Os11g0492300",0,0,0,0
"Os11g0498600",0,0,0,0
"Os11g0499600",0,0,0,0
"Os11g0502700",0,0,0,0
"Os11g0505300",0,0,0,0
"Os11g0512600",0,0,0,0
"Os11g0514400",0,0,0,0
"Os11g0517200",0,0,0,0
"Os11g0517800",0,0,0,0
"Os11g0521000",0,0,0,0
"Os11g0521500",0,0,0,0
"Os11g0531700",0,0,0,0
"Os11g0531800",0,0,0,0
"Os11g0532751",0,0,0,0
"Os11g0532900",0,0,0,0
"Os11g0533400",0,0,0,0
"Os11g0537375",0,0,0,0
"Os11g0539200",0,0,0,0
"Os11g0540500",0,0,0,0
"Os11g0540600",0,0,0,0
"Os11g0552100",0,0,0,0
"Os11g0552500",0,0,0,0
"Os11g0559533",0,0,0,0
"Os11g0565300",0,0,0,0
"Os11g0568800",0,0,0,0
"Os11g0569300",0,0,0,0
"Os11g0569400",0,0,0,0
"Os11g0569600",0,0,0,0
"Os11g0570000",0,0,0,0
"Os11g0578033",0,0,0,0
"Os11g0582300",0,0,0,0
"Os11g0586300",0,0,0,0
"Os11g0590700",0,0,0,0
"Os11g0592200",0,0,0,0
"Os11g0598500",0,0,0,0
"Os11g0599200",0,0,0,0
"Os11g0614500",0,0,0,0
"Os11g0617700",0,0,0,0
"Os11g0629400",0,0,0,0
"Os11g0629550",0,0,0,0
"Os11g0629566",0,0,0,0
"Os11g0629600",0,0,0,0
"Os11g0630300",0,0,0,0
"Os11g0630501",0,0,0,0
"Os11g0631800",0,0,0,0
"Os11g0633500",0,0,0,0
"Os11g0634902",0,0,0,0
"Os11g0635400",0,0,0,0
"Os11g0635500",0,0,0,0
"Os11g0637100",0,0,0,0
"Os11g0638200",0,0,0,0
"Os11g0643800",0,0,0,0
"Os11g0644650",0,0,0,0
"Os11g0649700",0,0,0,0
"Os11g0657000",0,0,0,0
"Os11g0657050",0,0,0,0
"Os11g0661800",0,0,0,0
"Os11g0661900",0,0,0,0
"Os11g0663100",0,0,0,0
"Os11g0668800",0,0,0,0
"Os11g0670900",0,0,0,0
"Os11g0673000",0,0,0,0
"Os11g0689650",0,0,0,0
"Os11g0694100",0,0,0,0
"Os11g0694125",0,0,0,0
"Os11g0695900",0,0,0,0
"Os11g0701500",0,0,0,0
"Os11g0703100",0,0,0,0
"Os11g0703500",0,0,0,0
"Os11g0707900",0,0,0,0
"Os12g0101800",0,0,0,0
"Os12g0101901",0,0,0,0
"Os12g0104733",0,0,0,0
"Os12g0104766",0,0,0,0
"Os12g0105401",0,0,0,0
"Os12g0105962",0,0,0,0
"Os12g0105975",0,0,0,0
"Os12g0106100",0,0,0,0
"Os12g0106801",0,0,0,0
"Os12g0113600",0,0,0,0
"Os12g0113700",0,0,0,0
"Os12g0115000",0,0,0,0
"Os12g0115050",0,0,0,0
"Os12g0115100",0,0,0,0
"Os12g0115300",0,0,0,0
"Os12g0115500",0,0,0,0
"Os12g0115950",0,0,0,0
"Os12g0116900",0,0,0,0
"Os12g0117400",0,0,0,0
"Os12g0117500",0,0,0,0
"Os12g0120100",0,0,0,0
"Os12g0123700",0,0,0,0
"Os12g0127800",0,0,0,0
"Os12g0132200",0,0,0,0
"Os12g0132300",0,0,0,0
"Os12g0132900",0,0,0,0
"Os12g0133750",0,0,0,0
"Os12g0138800",0,0,0,0
"Os12g0146275",0,0,0,0
"Os12g0146500",0,0,0,0
"Os12g0147200",0,0,0,0
"Os12g0147800",0,0,0,0
"Os12g0155100",0,0,0,0
"Os12g0163600",0,0,0,0
"Os12g0169950",0,0,0,0
"Os12g0170400",0,0,0,0
"Os12g0170500",0,0,0,0
"Os12g0189300",0,0,0,0
"Os12g0194900",0,0,0,0
"Os12g0194950",0,0,0,0
"Os12g0199050",0,0,0,0
"Os12g0202850",0,0,0,0
"Os12g0202851",0,0,0,0
"Os12g0210200",0,0,0,0
"Os12g0218100",0,0,0,0
"Os12g0226700",0,0,0,0
"Os12g0226766",0,0,0,0
"Os12g0232300",0,0,0,0
"Os12g0233200",0,0,0,0
"Os12g0238900",0,0,0,0
"Os12g0247700",0,0,0,0
"Os12g0247900",0,0,0,0
"Os12g0270300",0,0,0,0
"Os12g0288801",0,0,0,0
"Os12g0291066",0,0,0,0
"Os12g0291100",0,0,0,0
"Os12g0292301",0,0,0,0
"Os12g0292400",0,0,0,0
"Os12g0293601",0,0,0,0
"Os12g0428000",0,0,0,0
"Os12g0434400",0,0,0,0
"Os12g0447932",0,0,0,0
"Os12g0448900",0,0,0,0
"Os12g0454800",0,0,0,0
"Os12g0460100",0,0,0,0
"Os12g0465800",0,0,0,0
"Os12g0468500",0,0,0,0
"Os12g0476200",0,0,0,0
"Os12g0478200",0,0,0,0
"Os12g0484600",0,0,0,0
"Os12g0489100",0,0,0,0
"Os12g0491800",0,0,0,0
"Os12g0503000",0,0,0,0
"Os12g0508200",0,0,0,0
"Os12g0512150",0,0,0,0
"Os12g0514000",0,0,0,0
"Os12g0515800",0,0,0,0
"Os12g0516200",0,0,0,0
"Os12g0530000",0,0,0,0
"Os12g0538700",0,0,0,0
"Os12g0550600",0,0,0,0
"Os12g0552400",0,0,0,0
"Os12g0555000",0,0,0,0
"Os12g0559250",0,0,0,0
"Os12g0562232",0,0,0,0
"Os12g0567100",0,0,0,0
"Os12g0569500",0,0,0,0
"Os12g0569900",0,0,0,0
"Os12g0571700",0,0,0,0
"Os12g0573600",0,0,0,0
"Os12g0575300",0,0,0,0
"Os12g0580400",0,0,0,0
"Os12g0580600",0,0,0,0
"Os12g0580900",0,0,0,0
"Os12g0583300",0,0,0,0
"Os12g0586500",0,0,0,0
"Os12g0594200",0,0,0,0
"Os12g0595500",0,0,0,0
"Os12g0595900",0,0,0,0
"Os12g0600100",0,0,0,0
"Os12g0600150",0,0,0,0
"Os12g0604000",0,0,0,0
"Os12g0604700",0,0,0,0
"Os12g0605100",0,0,0,0
"Os12g0609600",0,0,0,0
"Os12g0610600",0,0,0,0
"Os12g0611100",0,0,0,0
"Os12g0611150",0,0,0,0
"Os12g0614851",0,0,0,0
"Os12g0617250",0,0,0,0
"Os12g0617400",0,0,0,0
"Os12g0622850",0,0,0,0
"Os12g0623950",0,0,0,0
"Os12g0624050",0,0,0,0
"Os12g0625000",0,0,0,0
"Os12g0625102",0,0,0,0
"Os12g0628100",0,0,0,0
"Os12g0629300",0,0,0,0
"Os12g0630100",0,0,0,0
"Os12g0632900",0,0,0,0
"Os12g0639000",0,0,0,0
"Os12g0639650",0,0,0,0
